GeneID	Symbol	Description	log2(fold change)(controle vs metastase)	-log10(Pvalue)(controle vs metastase)
100288175	LOC100288175	uncharacterized LOC100288175	-1.002	3.14
643988	FNDC10	fibronectin type III domain containing 10	-1.036	2.504
100129534	LOC100129534	small nuclear ribonucleoprotein polypeptide N pseudogene	1.184	5.063
115110	TNFRSF14-AS1	TNFRSF14 antisense RNA 1	1.114	7.998
100996583	LOC100996583	uncharacterized LOC100996583	1.446	4.151
1953	MEGF6	multiple EGF like domains 6	-1.316	4.701
7161	TP73	tumor protein p73	-1.173	2.369
388588	SMIM1	small integral membrane protein 1 (Vel blood group)	-1.102	2.575
100133612	LINC01134	long intergenic non-protein coding RNA 1134	1.094	3.508
26038	CHD5	chromodomain helicase DNA binding protein 5	1.953	6.101
102724450	RNF207-AS1	RNF207 antisense RNA 1	1.037	2.324
3604	TNFRSF9	TNF receptor superfamily member 9	-1.424	3.543
80045	GPR157	G protein-coupled receptor 157	-1.032	7.185
54897	CASZ1	castor zinc finger 1	1.088	6.621
6723	SRM	spermidine synthase	-1	6.04
26232	FBXO2	F-box protein 2	-2.229	4.876
79814	AGMAT	agmatinase	-1.164	4.013
54751	FBLIM1	filamin binding LIM protein 1	1.248	12.183
1969	EPHA2	EPH receptor A2	-1.014	3.602
101927479	EPHA2-AS1	EPHA2 antisense RNA 1	1.254	7.115
128272	ARHGEF19	Rho guanine nucleotide exchange factor 19	-1.074	4.814
126917	IFFO2	intermediate filament family orphan 2	-1.451	7.27
100532736	MICOS10-NBL1	MICOS10-NBL1 readthrough	1.002	4.5
4681	NBL1	NBL1, DAN family BMP antagonist	1.135	4.584
54546	RNF186	ring finger protein 186	1.549	3.283
5322	PLA2G5	phospholipase A2 group V	-1.519	2.716
55450	CAMK2N1	calcium/calmodulin dependent protein kinase II inhibitor 1	1.07	4.649
65018	PINK1	PTEN induced kinase 1	1.092	5.319
102464833	MIR6084	microRNA 6084	1.077	4.069
6920	TCEA3	transcription elongation factor A3	1.002	2.549
90529	STPG1	sperm tail PG-rich repeat containing 1	1.293	8.885
5051	PAFAH2	platelet activating factor acetylhydrolase 2	1.092	7.418
79947	DHDDS	dehydrodolichyl diphosphate synthase subunit	1.227	10.884
6195	RPS6KA1	ribosomal protein S6 kinase A1	1.02	5.985
6548	SLC9A1	solute carrier family 9 member A1	1.535	10.953
2268	FGR	FGR proto-oncogene, Src family tyrosine kinase	-1.491	7.203
27293	SMPDL3B	sphingomyelin phosphodiesterase acid like 3B	1.468	5.451
83667	SESN2	sestrin 2	1.004	6.64
10076	PTPRU	protein tyrosine phosphatase receptor type U	-1.319	3.503
2170	FABP3	fatty acid binding protein 3	-1.25	3.2
3208	HPCA	hippocalcin	1.658	7.676
113452	TMEM54	transmembrane protein 54	1.713	8.366
102465438	MIR6732	microRNA 6732	-1.27	2.58
55143	CDCA8	cell division cycle associated 8	-1.119	3.77
284656	EPHA10	EPH receptor A10	1.732	4.369
149175	MANEAL	mannosidase endo-alpha like	-1.047	4.002
2275	FHL3	four and a half LIM domains 3	-1.09	2.564
81025	GJA9	gap junction protein alpha 9	1.413	3.947
54933	RHBDL2	rhomboid like 2	1.812	4.011
105378662	LOC105378662	uncharacterized LOC105378662	1.805	4.251
84879	MFSD2A	MFSD2 lysolipid transporter A, lysophospholipid	-1.314	3.454
163732	CITED4	Cbp/p300 interacting transactivator with Glu/Asp rich carboxy-terminal domain 4	-2.089	5.745
64175	P3H1	prolyl 3-hydroxylase 1	-1	5.14
440584	SLC2A1-DT	SLC2A1 divergent transcript	-2.363	5.278
128218	TMEM125	transmembrane protein 125	1.17	3.933
991	CDC20	cell division cycle 20	-1.202	3.83
6536	SLC6A9	solute carrier family 6 member 9	1.465	7.978
149478	BTBD19	BTB domain containing 19	-1.02	3.648
84842	HPDL	4-hydroxyphenylpyruvate dioxygenase like	-1.325	3.683
23139	MAST2	microtubule associated serine/threonine kinase 2	1.17	11.258
10103	TSPAN1	tetraspanin 1	2.557	7.133
541468	LURAP1	leucine rich adaptor protein 1	1.509	3.638
102724077	LINC01389	long intergenic non-protein coding RNA 1389	1.09	2.927
2306	FOXD2	forkhead box D2	1.282	2.78
5865	RAB3B	RAB3B, member RAS oncogene family	1.371	3.133
4998	ORC1	origin recognition complex subunit 1	-1.105	3.302
9528	TMEM59	transmembrane protein 59	1.12	7.339
26027	ACOT11	acyl-CoA thioesterase 11	1.078	5.147
338094	FAM151A	family with sequence similarity 151 member A	1.213	6.858
374977	MROH7	maestro heat like repeat family member 7	1.288	3.585
5563	PRKAA2	protein kinase AMP-activated catalytic subunit alpha 2	1.369	2.319
163782	KANK4	KN motif and ankyrin repeat domains 4	1.729	4.242
4919	ROR1	receptor tyrosine kinase like orphan receptor 1	1.661	3.89
55225	RAVER2	ribonucleoprotein, PTB binding 2	1.218	7.206
205	AK4	adenylate kinase 4	-1.249	7.015
10022	INSL5	insulin like 5	3.873	3.662
57708	MIER1	MIER1 transcriptional regulator	1.022	8.479
149233	IL23R	interleukin 23 receptor	1.231	3.642
100289178	GNG12-AS1	GNG12, DIRAS3 and WLS antisense RNA 1	1.139	5.847
79971	WLS	Wnt ligand secretion mediator	1.032	5.409
1429	CRYZ	crystallin zeta	-1.332	8.233
79739	TTLL7	tubulin tyrosine ligase like 7	1.624	5.159
5567	PRKACB	protein kinase cAMP-activated catalytic subunit beta	1.642	6.552
148418	SAMD13	sterile alpha motif domain containing 13	1.329	3.607
255231	MCOLN2	mucolipin TRP cation channel 2	1.94	4.648
9635	CLCA2	chloride channel accessory 2	2.987	3.851
2635	GBP3	guanylate binding protein 3	1.428	6.823
105378849	LOC105378849	uncharacterized LOC105378849	1.239	2.699
2672	GFI1	growth factor independent 1 transcriptional repressor	1.679	6.332
8412	BCAR3	BCAR3 adaptor protein, NSP family member	1.205	7.998
9411	ARHGAP29	Rho GTPase activating protein 29	-1.015	2.841
54873	PALMD	palmdelphin	-1.581	3.124
23443	SLC35A3	solute carrier family 35 member A3	1.057	6.311
29899	GPSM2	G protein signaling modulator 2	-1.187	4.315
1117	CHI3L2	chitinase 3 like 2	2.06	4.787
105378909	LINC02884	long intergenic non-protein coding RNA 2884	2.452	6.535
389	RHOC	ras homolog family member C	1.065	8.19
440603	BCL2L15	BCL2 like 15	1.366	3.69
101929099	CD101-AS1	CD101 antisense RNA 1	1.085	4.921
10885	WDR3	WD repeat domain 3	-1.057	7.831
200162	SPAG17	sperm associated antigen 17	-1.107	7.508
90874	ZNF697	zinc finger protein 697	-1.462	9.175
653820	FAM72B	family with sequence similarity 72 member B	-1.265	3.963
148741	ANKRD35	ankyrin repeat domain 35	1.468	3.376
100996756	LOC100996756	uncharacterized LOC100996756	1.457	4.747
1893	ECM1	extracellular matrix protein 1	-1.303	4.584
29765	TMOD4	tropomodulin 4	1.118	7.669
284485	RIIAD1	regulatory subunit of type II PKA R-subunit domain containing 1	-2.198	3.373
6274	S100A3	S100 calcium binding protein A3	-1.287	2.084
57402	S100A14	S100 calcium binding protein A14	1.059	2.403
1163	CKS1B	CDC28 protein kinase regulatory subunit 1B	-1.257	8.388
51043	ZBTB7B	zinc finger and BTB domain containing 7B	1.045	10.346
107985208	LOC107985208		1.022	2.537
10763	NES	nestin	-1.013	2.696
4332	MNDA	myeloid cell nuclear differentiation antigen	-1.201	4.631
6504	SLAMF1	signaling lymphocytic activation molecule family member 1	1.074	2.962
5202	PFDN2	prefoldin subunit 2	-1.036	8.514
51478	HSD17B7	hydroxysteroid 17-beta dehydrogenase 7	-1.217	6.98
5087	PBX1	PBX homeobox 1	1.024	3.522
4009	LMX1A	LIM homeobox transcription factor 1 alpha	2.837	3.909
6258	RXRG	retinoid X receptor gamma	3.147	6.711
100147773	TMCO1-AS1	TMCO1 antisense RNA 1	1.406	4.964
105371601	LOC105371601	uncharacterized LOC105371601	3.316	4.659
1805	DPT	dermatopontin	2.231	4.688
10560	SLC19A2	solute carrier family 19 member 2	-1.302	11.604
101928650	GORAB-AS1	GORAB antisense RNA 1	1.318	6.49
4653	MYOC	myocilin	4.807	5.024
26802	SNORD47	small nucleolar RNA, C/D box 47	-1.082	5.002
26774	SNORD80	small nucleolar RNA, C/D box 80	-1.265	5.082
26806	SNORD44	small nucleolar RNA, C/D box 44	-1.387	4.784
692197	SNORD77	small nucleolar RNA, C/D box 77	-1.637	5.505
692196	SNORD76	small nucleolar RNA, C/D box 76	-1.191	4.666
7143	TNR	tenascin R	1.925	3.745
460	ASTN1	astrotactin 1	2.429	4.255
148753	FAM163A	family with sequence similarity 163 member A	1.825	6.304
6041	RNASEL	ribonuclease L	1.197	8.555
3918	LAMC2	laminin subunit gamma 2	-1.609	4.602
4688	NCF2	neutrophil cytosolic factor 2	-1.29	5.64
81563	C1orf21	chromosome 1 open reading frame 21	1.297	7.808
107985236	LOC107985236	uncharacterized LOC107985236	1.16	6.271
339479	BRINP3	BMP/retinoic acid inducible neural specific 3	4.228	5.795
5997	RGS2	regulator of G protein signaling 2	1.148	3.695
105371671	LOC105371671	uncharacterized LOC105371671	1.477	2.788
55765	INAVA	innate immunity activator	1.043	3.477
7139	TNNT2	troponin T2, cardiac type	-2.286	5.445
9283	GPR37L1	G protein-coupled receptor 37 like 1	1.003	4.754
127833	SYT2	synaptotagmin 2	1.546	6.86
105371686	LOC105371686		1.626	6.258
148709	ACTG1P25	actin gamma 1 pseudogene 25	-1.105	2.605
5284	PIGR	polymeric immunoglobulin receptor	2.858	5.202
5362	PLXNA2	plexin A2	1.057	9.314
57172	CAMK1G	calcium/calmodulin dependent protein kinase IG	-1.267	2.278
7188	TRAF5	TNF receptor associated factor 5	-1.196	7.86
9926	LPGAT1	lysophosphatidylglycerol acyltransferase 1	-1.018	6.984
11221	DUSP10	dual specificity phosphatase 10	-1.768	10.167
9015	TAF1A	TATA-box binding protein associated factor, RNA polymerase I subunit A	-1.075	9.895
824	CAPN2	calpain 2	1.246	8.341
105373113	LINC01703	long intergenic non-protein coding RNA 1703	-1.167	4.046
10753	CAPN9	calpain 9	2.38	4.715
57568	SIPA1L2	signal induced proliferation associated 1 like 2	1.254	8.068
56776	FMN2	formin 2	3.052	3.511
25893	TRIM58	tripartite motif containing 58	1.5	2.721
646627	LYPD8	LY6/PLAUR domain containing 8	3.396	5.776
285016	ALKAL2	ALK and LTK ligand 2	1.493	2.849
101927262	LOC101927262	uncharacterized LOC101927262	1.375	2.307
9781	RNF144A	ring finger protein 144A	1.216	4.901
192668	CYS1	cystin 1	1.861	4.785
4953	ODC1	ornithine decarboxylase 1	-1.132	6.6
9687	GREB1	growth regulating estrogen receptor binding 1	-1.257	3.775
3790	KCNS3	potassium voltage-gated channel modifier subfamily S member 3	1.362	5.316
375190	FAM228B	family with sequence similarity 228 member B	1.169	10.272
9540	TP53I3	tumor protein p53 inducible protein 3	1.676	14.383
150946	GAREM2	GRB2 associated regulator of MAPK1 subtype 2	1.412	5.527
3777	KCNK3	potassium two pore domain channel subfamily K member 3	2.286	5.246
790	CAD	carbamoyl-phosphate synthetase 2, aspartate transcarbamylase, and dihydroorotase	-1.149	11.774
7349	UCN	urocortin	-1.138	2.547
165186	TOGARAM2	TOG array regulator of axonemal microtubules 2	1.086	2.75
238	ALK	ALK receptor tyrosine kinase	2.333	4.126
30845	EHD3	EH domain containing 3	-1.23	5.976
7498	XDH	xanthine dehydrogenase	1.424	2.744
100288911	CRIM1-DT	CRIM1 divergent transcript	1.496	7.878
25797	QPCT	glutaminyl-peptide cyclotransferase	-1.235	2.293
285154	CYP1B1-AS1	CYP1B1 antisense RNA 1	1.792	4.535
170850	KCNG3	potassium voltage-gated channel modifier subfamily G member 3	1.873	2.754
102723854	LINC01819	long intergenic non-protein coding RNA 1819	-4.727	6.018
90423	ATP6V1E2	ATPase H+ transporting V1 subunit E2	-1.028	5.544
200728	TMEM17	transmembrane protein 17	-1.088	5.466
25927	CNRIP1	cannabinoid receptor interacting protein 1	1.085	4.26
119	ADD2	adducin 2	1.449	2.959
100507171	BOLA3-DT	BOLA3 divergent transcript	1.167	3.258
10797	MTHFD2	methylenetetrahydrofolate dehydrogenase (NADP+ dependent) 2, methenyltetrahydrofolate cyclohydrolase	-1.17	4.767
6242	RTKN	rhotekin	-1.21	12.156
165545	DQX1	DEAQ-box RNA dependent ATPase 1	1.363	2.678
102724497	LOC102724497	uncharacterized LOC102724497	1.452	6.505
3099	HK2	hexokinase 2	1.248	4.672
1496	CTNNA2	catenin alpha 2	3.001	6.737
2677	GGCX	gamma-glutamyl carboxylase	-1.067	6.502
101928173	LINC01943	long intergenic non-protein coding RNA 1943	-1.435	4.535
101928152	LOC101928152	replaced by ID 101928173	1.03	2.93
28908	IGKV4-1	immunoglobulin kappa variable 4-1	1.558	2.392
28929	IGKV2-4	immunoglobulin kappa variable 2-4 (pseudogene)	2.895	2.515
28915	IGKV3-7	immunoglobulin kappa variable 3-7 (non-functional)	2.304	2.421
28939	IGKV1-13	immunoglobulin kappa variable 1-13	1.773	2.157
28938	IGKV1-16	immunoglobulin kappa variable 1-16	2.188	3.638
28937	IGKV1-17	immunoglobulin kappa variable 1-17	2.075	3.284
28912	IGKV3-20	immunoglobulin kappa variable 3-20	2.061	4.666
28922	IGKV2-26	immunoglobulin kappa variable 2-26 (pseudogene)	2.414	3.678
28920	IGKV2-29	immunoglobulin kappa variable 2-29	2.103	2.771
28931	IGKV1-37	immunoglobulin kappa variable 1-37 (non-functional)	2.419	4.118
28930	IGKV1-39	immunoglobulin kappa variable 1-39	1.777	3.453
28893	IGKV1D-39	immunoglobulin kappa variable 1D-39	1.781	3.334
28894	IGKV1D-37	immunoglobulin kappa variable 1D-37 (non-functional)	2.676	3.862
28898	IGKV1D-27	immunoglobulin kappa variable 1D-27 (pseudogene)	2.739	7.137
28870	IGKV6D-21	immunoglobulin kappa variable 6D-21 (non-functional)	2.057	3.258
28901	IGKV1D-16	immunoglobulin kappa variable 1D-16	1.688	2.188
28902	IGKV1D-13	immunoglobulin kappa variable 1D-13	1.764	2.123
150696	PROM2	prominin 2	1.501	3.204
150763	GPAT2	glycerol-3-phosphate acyltransferase 2, mitochondrial	1.003	3.355
1844	DUSP2	dual specificity phosphatase 2	-1.495	4.486
200403	VWA3B	von Willebrand factor A domain containing 3B	1.993	6.529
11320	MGAT4A	alpha-1,3-mannosyl-glycoprotein 4-beta-N-acetylglucosaminyltransferase A	1.025	6.207
5455	POU3F3	POU class 3 homeobox 3	3.36	5.874
84417	ECRG4	ECRG4 augurin precursor	3.523	7.65
55289	ACOXL	acyl-CoA oxidase like	1.075	3.864
57628	DPP10	dipeptidyl peptidase like 10	1.764	2.022
389023	DPP10-AS1	DPP10 antisense RNA 1	2.502	3.07
107985939	LOC107985939	uncharacterized LOC107985939	-1.341	7.669
29842	TFCP2L1	transcription factor CP2 like 1	1.107	2.597
84365	NIFK	nucleolar protein interacting with the FHA domain of MKI67	-1.008	10.988
4648	MYO7B	myosin VIIB	1.082	4.621
101927834	LOC101927834	uncharacterized LOC101927834	1.061	7.134
100216479	FAR2P2	fatty acyl-CoA reductase 2 pseudogene 2	1.799	3.219
205147	AMER3	APC membrane recruitment protein 3	2.18	2.432
90557	CCDC74A	coiled-coil domain containing 74A	-1.191	4.371
1615	DARS1	aspartyl-tRNA synthetase 1	-1.189	13.294
101928243	DARS1-AS1	DARS1 antisense RNA 1	-1.13	11.34
4703	NEB	nebulin	-1.557	5.218
130399	ACVR1C	activin A receptor type 1C	1.146	2.546
57282	SLC4A10	solute carrier family 4 member 10	2.399	4.535
2641	GCG	glucagon	3.423	3.381
22837	COBLL1	cordon-bleu WH2 repeat protein like 1	-1.251	5.796
101929680	SCN1A-AS1	SCN1A and SCN9A antisense RNA 1	1.861	4.238
6335	SCN9A	sodium voltage-gated channel alpha subunit 9	1.854	3.734
105616981	B3GALT1-AS1	B3GALT1 antisense RNA 1	3.229	6.099
3239	HOXD13	homeobox D13	2.72	2.056
401022	HAGLR	HOXD antisense growth-associated long non-coding RNA	2.608	5.042
3231	HOXD1	homeobox D1	2.91	6.004
4760	NEUROD1	neuronal differentiation 1	2.99	3.172
2487	FRZB	frizzled related protein	2.039	8.242
165215	FAM171B	family with sequence similarity 171 member B	1.011	3.402
4430	MYO1B	myosin IB	-1.189	6.698
101927482	HECW2-AS1	HECW2 antisense RNA 1	1.226	3.589
3336	HSPE1	heat shock protein family E (Hsp10) member 1	-1.183	9.714
150538	SATB2-AS1	SATB2 antisense RNA 1	1.581	2.603
348751	FTCDNL1	formiminotransferase cyclodeaminase N-terminal like	-1.332	7.051
843	CASP10	caspase 10	1.369	8.214
51602	NOP58	NOP58 ribonucleoprotein	-1.183	11.78
8609	KLF7	KLF transcription factor 7	-1.364	7.458
151195	CCNYL1	cyclin Y like 1	1.062	11.387
57574	MARCHF4	membrane associated ring-CH-type finger 4	1.374	3.611
7475	WNT6	Wnt family member 6	1.758	3.103
8941	CDK5R2	cyclin dependent kinase 5 regulatory subunit 2	1.527	2.17
54738	FEV	FEV transcription factor, ETS family member	3.722	4.894
1412	CRYBA2	crystallin beta A2	3.156	5.73
5798	PTPRN	protein tyrosine phosphatase receptor type N	2.345	4.608
130367	SGPP2	sphingosine-1-phosphate phosphatase 2	1.352	5.499
55022	PID1	phosphotyrosine interaction domain containing 1	1.169	4.024
9290	GPR55	G protein-coupled receptor 55	2.389	7.766
51540	SCLY	selenocysteine lyase	-1.162	10.612
100130449	GPC1-AS1	GPC1 antisense RNA 1	2.723	4.133
50636	ANO7	anoctamin 7	1.308	7.064
105376810	LOC105376810	uncharacterized LOC105376810	2.001	7.111
666	BOK	BCL2 family apoptosis regulator BOK	-1.354	4.679
105373975	LOC105373975		-1.147	3.005
107986004	LOC107986004	uncharacterized LOC107986004	1.28	2.129
105376938	LOC105376938	uncharacterized LOC105376938	-1.893	2.459
29931	LINC00312	long intergenic non-protein coding RNA 312	-1.153	3.048
6854	SYN2	synapsin II	1.349	2.594
100129480	MKRN2OS	MKRN2 opposite strand	1.064	3.559
23066	CAND2	cullin associated and neddylation dissociated 2 (putative)	1.014	3.803
23225	NUP210	nucleoporin 210	-1	5.473
117248	GALNT15	polypeptide N-acetylgalactosaminyltransferase 15	1.399	3.621
105376993	LOC105376993	uncharacterized LOC105376993	3.07	3.125
5915	RARB	retinoic acid receptor beta	-1.459	5.385
23171	GPD1L	glycerol-3-phosphate dehydrogenase 1 like	1.503	8.507
152189	CMTM8	CKLF like MARVEL transmembrane domain containing 8	-1.04	5.996
6769	STAC	SH3 and cysteine rich domain	-1.66	2.713
50853	VILL	villin like	1.69	6.86
11280	SCN11A	sodium voltage-gated channel alpha subunit 11	2.352	6.202
389114	ZNF662	zinc finger protein 662	1.148	2.834
4057	LTF	lactotransferrin	1.343	2.735
7869	SEMA3B	semaphorin 3B	1.527	4.391
9254	CACNA2D2	calcium voltage-gated channel auxiliary subunit alpha2delta 2	1.142	2.994
9136	RRP9	ribosomal RNA processing 9, U3 small nucleolar RNA binding protein	-1.168	10.192
51533	PHF7	PHD finger protein 7	1.021	5.121
64943	NT5DC2	5'-nucleotidase domain containing 2	-1.22	4.901
389125	MUSTN1	musculoskeletal, embryonic nuclear protein 1	1.413	3.907
7086	TKT	transketolase	-1.009	6.801
55799	CACNA2D3	calcium voltage-gated channel auxiliary subunit alpha2delta 3	1.521	3.341
105377108	FAM3D-AS1	FAM3D antisense RNA 1	1.995	5.402
131177	FAM3D	FAM3 metabolism regulating signaling molecule D	2.097	5.926
105377109	LOC105377109	uncharacterized LOC105377109	1.511	3.549
100652759	PRICKLE2-AS1	PRICKLE2 antisense RNA 1	1.134	2.539
166336	PRICKLE2	prickle planar cell polarity protein 2	1.18	2.672
100507098	ADAMTS9-AS2	ADAMTS9 antisense RNA 2	2.325	4.791
2850	GPR27	G protein-coupled receptor 27	1.724	4.174
101927249	PDZRN3-AS1	PDZRN3 antisense RNA 1	1.475	3.614
5067	CNTN3	contactin 3	1.878	3.169
253559	CADM2	cell adhesion molecule 2	2.854	4.449
415117	STX19	syntaxin 19	1.196	2.493
131566	DCBLD2	discoidin, CUB and LCCL domain containing 2	-1.167	3.59
56954	NIT2	nitrilase family member 2	-1.154	18.521
214	ALCAM	activated leukocyte cell adhesion molecule	-1.081	5.937
84666	RETNLB	resistin like beta	1.981	2.709
401081	C3orf85	chromosome 3 open reading frame 85	1.234	2.605
79413	ZBED2	zinc finger BED-type containing 2	-2.178	3.659
105374041	LOC105374041	uncharacterized LOC105374041	1.548	2.217
54847	SIDT1	SID1 transmembrane family member 1	1.692	5.571
941	CD80	CD80 molecule	-1.039	3.182
51365	PLA1A	phospholipase A1 member A	-1.935	6.124
55840	EAF2	ELL associated factor 2	1.182	9.235
26355	FAM162A	family with sequence similarity 162 member A	1.003	5.339
4638	MYLK	myosin light chain kinase	1.127	3.478
105369194	LOC105369194	uncharacterized LOC105369194	1.929	6.255
56667	MUC13	mucin 13, cell surface associated	1.028	2.915
114112	TXNRD3	thioredoxin reductase 3	-1.154	10.421
84303	CHCHD6	coiled-coil-helix-coiled-coil-helix domain containing 6	-1.083	6.844
5361	PLXNA1	plexin A1	-1.18	8.459
107986126	LOC107986126	uncharacterized LOC107986126	-1.297	6.714
11343	MGLL	monoglyceride lipase	1.344	8.621
8607	RUVBL1	RuvB like AAA ATPase 1	-1.001	9.149
256076	COL6A5	collagen type VI alpha 5 chain	2.805	4.861
66000	TMEM108	transmembrane protein 108	1.674	4.903
5523	PPP2R3A	protein phosphatase 2 regulatory subunit B''alpha	1.55	7.923
53833	IL20RB	interleukin 20 receptor subunit beta	-1.008	2.017
5947	RBP1	retinol binding protein 1	-2.224	5.72
5357	PLS1	plastin 1	1.343	5.324
9934	P2RY14	purinergic receptor P2Y14	2.109	7.867
285313	IGSF10	immunoglobulin superfamily member 10	1.846	3.419
4311	MME	membrane metalloendopeptidase	-1.59	2.761
79674	VEPH1	ventricular zone expressed PH domain containing 1	1.185	2.663
5806	PTX3	pentraxin 3	1.674	7.083
6476	SI	sucrase-isomaltase	2.763	3.99
79782	LRRC31	leucine rich repeat containing 31	1.078	2.152
8743	TNFSF10	TNF superfamily member 10	1.026	4.143
90113	VWA5B2	von Willebrand factor A domain containing 5B2	2.474	6.359
110599564	EEF1AKMT4	EEF1A lysine methyltransferase 4	-1.261	6.492
1181	CLCN2	chloride voltage-gated channel 2	1.17	6.096
2049	EPHB3	EPH receptor B3	-1.112	2.121
285382	C3orf70	chromosome 3 open reading frame 70	1.389	3.244
200879	LIPH	lipase H	1.557	5.38
2119	ETV5	ETS variant transcription factor 5	-1.108	5.18
5984	RFC4	replication factor C subunit 4	-1.056	6.683
604	BCL6	BCL6 transcription repressor	-1.16	4.038
84239	ATP13A4	ATPase 13A4	2.517	6.221
101929198	ATP13A4-AS1	ATP13A4 antisense RNA 1	2.474	5.681
105374285	LINC02038	long intergenic non-protein coding RNA 2038	1.471	5.183
401106	ATP13A3-DT	ATP13A3 divergent transcript	-1.217	2.679
100874214	TM4SF19-AS1	TM4SF19 antisense RNA 1	-1.287	4.742
4241	MELTF	melanotransferrin	-1.11	2.488
105374309	LOC105374309	uncharacterized LOC105374309	3.346	5.11
100129516	LINC02012	long intergenic non-protein coding RNA 2012	1.038	2.329
339983	NAT8L	N-acetyltransferase 8 like	1.586	4.18
105374352	LOC105374352	uncharacterized LOC105374352	1.457	5.815
54360	CYTL1	cytokine like 1	1.345	3.444
9982	FGFBP1	fibroblast growth factor binding protein 1	1.452	2.934
5860	QDPR	quinoid dihydropteridine reductase	-1.113	6.66
105374527	LOC105374527	uncharacterized LOC105374527	3.094	3.717
55286	C4orf19	chromosome 4 open reading frame 19	1.557	5.938
399	RHOH	ras homolog family member H	1.036	2.753
54502	RBM47	RNA binding motif protein 47	1.278	7.09
7345	UCHL1	ubiquitin C-terminal hydrolase L1	1.812	4.611
152573	SHISA3	shisa family member 3	1.411	3.909
10396	ATP8A1	ATPase phospholipid transporting 8A1	1.824	8.041
152519	NIPAL1	NIPA like domain containing 1	1.068	3.365
339977	LRRC66	leucine rich repeat containing 66	1.947	7.676
7367	UGT2B17	UDP glucuronosyltransferase family 2 member B17	3.945	3.086
166824	RASSF6	Ras association domain family member 6	1.431	4.453
685	BTC	betacellulin	1.026	3.566
100506253	LOC100506253	uncharacterized LOC100506253	2.054	4.095
4283	CXCL9	C-X-C motif chemokine ligand 9	-2.198	4.783
419	ART3	ADP-ribosyltransferase 3 (inactive)	-1.818	2.28
3627	CXCL10	C-X-C motif chemokine ligand 10	-2.112	4.137
57619	SHROOM3	shroom family member 3	1.133	7.18
101928864	LOC101928864	uncharacterized LOC101928864	1.253	9.41
901	CCNG2	cyclin G2	1.246	9.54
80144	FRAS1	Fraser extracellular matrix complex subunit 1	1.469	3.137
100505702	LINC01094	long intergenic non-protein coding RNA 1094	-1.549	5.718
118429	ANTXR2	ANTXR cell adhesion molecule 2	1.103	5.589
1040	CDS1	CDP-diacylglycerol synthase 1	1.108	4.01
5602	MAPK10	mitogen-activated protein kinase 10	1.523	6.397
6622	SNCA	synuclein alpha	1.26	2.702
22915	MMRN1	multimerin 1	1.793	3.776
474	ATOH1	atonal bHLH transcription factor 1	2.335	3.946
10098	TSPAN5	tetraspanin 5	-1.071	4.257
105377382	LOC105377382	uncharacterized LOC105377382	1.504	3.613
8492	PRSS12	serine protease 12	1.608	4.66
2169	FABP2	fatty acid binding protein 2	2.458	3.498
2247	FGF2	fibroblast growth factor 2	1.106	2.845
22824	HSPA4L	heat shock protein family A (Hsp70) member 4 like	-1.095	2.017
57575	PCDH10	protocadherin 10	2.066	3.357
2549	GAB1	GRB2 associated binding protein 1	1.192	9.453
6059	ABCE1	ATP binding cassette subfamily E member 1	-1.011	6.874
285423	IQCM	IQ motif containing M	2.632	4.671
166614	DCLK2	doublecortin like kinase 2	1.145	3.387
7097	TLR2	toll like receptor 2	-1.581	7.241
54798	DCHS2	dachsous cadherin-related 2	2.863	6.613
100505989	SMIM31	small integral membrane protein 31	1.587	3.748
6307	MSMO1	methylsterol monooxygenase 1	-1.462	7.453
51166	AADAT	aminoadipate aminotransferase	-1.557	8.995
107986326	LOC107986326	uncharacterized LOC107986326	-1.594	7.202
101930370	GALNT7-DT	GALNT7 divergent transcript	1.277	6.575
51809	GALNT7	polypeptide N-acetylgalactosaminyltransferase 7	1.268	5.898
116966	WDR17	WD repeat domain 17	1.911	4.279
80014	WWC2	WW and C2 domain containing 2	-1.318	4.536
6550	SLC9A3	solute carrier family 9 member A3	2.521	6.09
25845	PP7080	uncharacterized LOC25845	2.028	5.501
100288152	SLC9A3-AS1	SLC9A3 antisense RNA 1	1.744	3.337
134111	UBE2QL1	ubiquitin conjugating enzyme E2 Q family like 1	1.758	3.381
6715	SRD5A1	steroid 5 alpha-reductase 1	-1.183	5.781
54463	RETREG1	reticulophagy regulator 1	1.243	4.878
6502	SKP2	S-phase kinase associated protein 2	-1.033	4.659
100506495	LIFR-AS1	LIFR antisense RNA 1	1.211	2.243
167359	NIM1K	NIM1 serine/threonine protein kinase	1.151	3.053
642366	ISL1-DT	ISL1 divergent transcript	2.538	4.139
3670	ISL1	ISL LIM homeobox 1	2.004	2.798
3001	GZMA	granzyme A	1.249	3.066
8611	PLPP1	phospholipid phosphatase 1	1.145	6.841
105378992	LINC02057	long intergenic non-protein coding RNA 2057	2.006	3.06
64105	CENPK	centromere protein K	-1.111	4.547
64946	CENPH	centromere protein H	-1.397	7.54
340090	LOC340090	uncharacterized LOC340090	2.208	4.894
2297	FOXD1	forkhead box D1	-2.133	2.665
2150	F2RL1	F2R like trypsin receptor 1	1.19	4.513
23635	SSBP2	single stranded DNA binding protein 2	1.728	7.525
644285	LOC644285	uncharacterized LOC644285	1.204	3.566
101929423	MEF2C-AS1	MEF2C antisense RNA 1	1.905	5.588
107986363	LOC107986363	uncharacterized LOC107986363	1.045	3.771
90355	MACIR	macrophage immunometabolism regulator	1.382	7.154
64097	EPB41L4A	erythrocyte membrane protein band 4.1 like 4A	1.486	5.877
54508	EPB41L4A-DT	EPB41L4A divergent transcript	1.63	4.727
55521	TRIM36	tripartite motif containing 36	1.677	5.739
153163	MGC32805	uncharacterized LOC153163	-1.623	2.591
28966	SNX24	sorting nexin 24	1.115	6.998
389320	TEX43	testis expressed 43	1.29	2.21
105379162	LOC105379162	uncharacterized LOC105379162	1.272	2.317
115123	MARCHF3	membrane associated ring-CH-type finger 3	1.147	4.63
105379163	LOC105379163	uncharacterized LOC105379163	1.021	2.671
6583	SLC22A4	solute carrier family 22 member 4	1.164	5.657
134548	SOWAHA	sosondowah ankyrin repeat domain family member A	1.042	2.237
23105	FSTL4	follistatin like 4	1.551	2.402
153328	SLC25A48	solute carrier family 25 member 48	1.492	2.812
389332	SMIM32	small integral membrane protein 32	1.829	5.27
57113	TRPC7	transient receptor potential cation channel subfamily C member 7	2.14	5.76
724102	SNHG4	small nucleolar RNA host gene 4	-1.077	3.902
389333	PROB1	proline rich basic protein 1	1.144	7.575
202051	SPATA24	spermatogenesis associated 24	1.272	7.991
51523	CXXC5	CXXC finger protein 5	-1.113	9.473
111082989	CXXC5-AS1	CXXC5 antisense RNA 1	-1.641	7.488
285613	RELL2	RELT like 2	-1.252	5.28
107986454	LOC107986454	uncharacterized LOC107986454	1.459	4.524
153768	PRELID2	PRELI domain containing 2	1.015	4.128
11005	SPINK5	serine peptidase inhibitor Kazal type 5	2.432	4.668
389337	ARHGEF37	Rho guanine nucleotide exchange factor 37	1.332	5.416
133522	PPARGC1B	PPARG coactivator 1 beta	1.144	7.351
6534	SLC6A7	solute carrier family 6 member 7	1.923	5.911
6949	TCOF1	treacle ribosome biogenesis factor 1	-1.163	10.314
134466	ZNF300P1	zinc finger protein 300 pseudogene 1	1.266	2.603
26112	CCDC69	coiled-coil domain containing 69	1.108	3.553
2890	GRIA1	glutamate ionotropic receptor AMPA type subunit 1	2.597	4.222
84868	HAVCR2	hepatitis A virus cellular receptor 2	-1.102	5.013
114898	C1QTNF2	C1q and TNF related 2	1.847	9.078
9232	PTTG1	PTTG1 regulator of sister chromatid separation, securin	-1.176	4.176
4869	NPM1	nucleophosmin 1	-1.122	10.835
10814	CPLX2	complexin 2	1.957	2.492
643201	LOC643201	centrosomal protein 192kDa pseudogene	2.338	5.136
2264	FGFR4	fibroblast growth factor receptor 4	-1.344	5.874
340037	PRR7-AS1	PRR7 antisense RNA 1	-1.294	4.822
285676	ZNF454	zinc finger protein 454	1.061	2.332
255426	RASGEF1C	RasGEF domain family member 1C	3.144	5.815
9945	GFPT2	glutamine-fructose-6-phosphate transaminase 2	-1.272	2.557
153579	BTNL9	butyrophilin like 9	-1.014	2.38
2296	FOXC1	forkhead box C1	-1.735	5.431
101927730	SERPINB9-AS1	SERPINB9 antisense RNA 1	-1.068	3.224
5272	SERPINB9	serpin family B member 9	-1.07	5.182
401233	HTATSF1P2	HIV-1 Tat specific factor 1 pseudogene 2	-1.006	3.02
670	BPHL	biphenyl hydrolase like	-1.018	5.997
105374890	LOC105374890	uncharacterized LOC105374890	1.58	5.261
100507506	ECI2-DT	ECI2 divergent transcript	2.084	6.345
2162	F13A1	coagulation factor XIII A chain	1.316	2.411
654	BMP6	bone morphogenetic protein 6	1.359	8.964
9521	EEF1E1	eukaryotic translation elongation factor 1 epsilon 1	-1.192	9.977
100506207	LOC100506207	uncharacterized LOC100506207	-1.03	2.667
55003	PAK1IP1	PAK1 interacting protein 1	-1.1	12.871
100113407	TMEM170B	transmembrane protein 170B	-1.076	4.025
84830	ADTRP	androgen dependent TFPI regulating protein	3.033	7
107986566	LOC107986566		3.071	7.699
107986569	LOC107986569		2.736	6.748
221662	RBM24	RNA binding motif protein 24	2.052	4.882
154141	MBOAT1	membrane bound O-acyltransferase domain containing 1	1.222	6.748
8418	CMAHP	cytidine monophospho-N-acetylneuraminic acid hydroxylase, pseudogene	1.691	5.756
10590	SCGN	secretagogin, EF-hand calcium binding protein	3.667	8.016
7754	ZNF204P	zinc finger protein 204, pseudogene	1.139	3.971
8329	H2AC13	H2A clustered histone 13	1.321	3.581
105374997	LOC105374997	replaced by ID 222696	1.268	2.291
222696	ZSCAN23	zinc finger and SCAN domain containing 23	1.528	2.809
414761	HCG15	HLA complex group 15	-1.011	2.71
101929072	MICA-AS1	MICA antisense RNA 1	1.298	4.39
80740	LY6G6C	lymphocyte antigen 6 family member G6C	-2.288	3.78
7407	VARS1	valyl-tRNA synthetase 1	-1.12	9.367
26801	SNORD48	small nucleolar RNA, C/D box 48	-1.025	3.432
80736	SLC44A4	solute carrier family 44 member 4	1.648	5.4
7146	TNXA	tenascin XA (pseudogene)	1.56	2.544
1589	CYP21A2	cytochrome P450 family 21 subfamily A member 2	-1.431	2.052
7148	TNXB	tenascin XB	2.204	5.567
80863	PRRT1	proline rich transmembrane protein 1	1.435	4.494
8705	B3GALT4	beta-1,3-galactosyltransferase 4	1.45	8.459
221491	SMIM29	small integral membrane protein 29	-1.062	4.332
266727	MDGA1	MAM domain containing glycosylphosphatidylinositol anchor 1	1.228	3
2739	GLO1	glyoxalase I	-1.076	12.002
23500	DAAM2	dishevelled associated activator of morphogenesis 2	1.484	6.139
100505635	DAAM2-AS1	DAAM2 antisense RNA 1	1.329	4.424
9533	POLR1C	RNA polymerase I and III subunit C	-1.166	9.677
4224	MEP1A	meprin A subunit alpha	2.421	6.07
442213	PTCHD4	patched domain containing 4	-1.612	2.914
4172	MCM3	minichromosome maintenance complex component 3	-1.198	8.779
85315	PAQR8	progestin and adipoQ receptor family member 8	1.736	8.037
55227	LRRC1	leucine rich repeat containing 1	1.086	7.675
27283	TINAG	tubulointerstitial nephritis antigen	1.53	4.663
81578	COL21A1	collagen type XXI alpha 1 chain	1.383	2.726
105377847	LOC105377847	uncharacterized LOC105377847	-2.36	3.373
102724168	LINC02542	long intergenic non-protein coding RNA 2542	-1.396	2.431
9096	TBX18	T-box transcription factor 18	-1.66	2.603
206412	C6orf163	chromosome 6 open reading frame 163	1.002	3.242
105377896	LOC105377896	uncharacterized LOC105377896	2.444	3.598
639	PRDM1	PR/SET domain 1	1.109	4.477
84154	RPF2	ribosome production factor 2 homolog	-1.185	10.163
101927686	LINC02541	long intergenic non-protein coding RNA 2541	1.55	2.448
222546	RFX6	regulatory factor X6	2.476	2.369
105377979	LOC105377979	uncharacterized LOC105377979	2.819	5.086
387104	SOGA3	SOGA family member 3	1.48	4.747
9729	KIAA0408	KIAA0408	1.866	5.657
9465	AKAP7	A-kinase anchoring protein 7	1.031	2.606
5169	ENPP3	ectonucleotide pyrophosphatase/phosphodiesterase 3	1.273	2.312
154091	SLC2A12	solute carrier family 2 member 12	-1.472	3.949
27115	PDE7B	phosphodiesterase 7B	1.104	2.229
64065	PERP	p53 apoptosis effector related to PMP22	-1.113	6.526
57224	NHSL1	NHS like 1	1.1	7.675
57211	ADGRG6	adhesion G protein-coupled receptor G6	-1.005	2.205
729178	STXBP5-AS1	STXBP5 antisense RNA 1	1.183	4.669
10090	UST	uronyl 2-sulfotransferase	1.517	5.199
26230	TIAM2	TIAM Rac1 associated GEF 2	-1.022	2.794
6648	SOD2	superoxide dismutase 2	-1.239	5.705
83887	TTLL2	tubulin tyrosine ligase like 2	-1.108	2.855
401286	LINC02538	long intergenic non-protein coding RNA 2538	-1.145	2.294
26238	LINC01558	long intergenic non-protein coding RNA 1558	-1.273	3.454
105378150	LOC105378150	uncharacterized LOC105378150	1.375	2.504
28514	DLL1	delta like canonical Notch ligand 1	1.272	8.123
221937	FOXK1	forkhead box K1	-1.068	6.937
55698	RADIL	Rap associating with DIL domain	1.683	3.598
340267	COL28A1	collagen type XXVIII alpha 1 chain	1.987	5.455
105375166	LOC105375166	uncharacterized LOC105375166	2.081	4.816
25928	SOSTDC1	sclerostin domain containing 1	1.846	2.793
155465	AGR3	anterior gradient 3, protein disulphide isomerase family member	1.284	2.339
1687	GSDME	gasdermin E	-1.296	4.453
26031	OSBPL3	oxysterol binding protein like 3	-1.205	7.662
3202	HOXA5	homeobox A5	1.445	2.856
3203	HOXA6	homeobox A6	1.459	2.282
2128	EVX1	even-skipped homeobox 1	-2.049	2.13
100526825	INMT-MINDY4	INMT-MINDY4 readthrough (NMD candidate)	-1.18	9.702
117	ADCYAP1R1	ADCYAP receptor type I	2.028	4.819
107986780	LOC107986780		1.814	3.696
168667	BMPER	BMP binding endothelial regulator	-1.499	2.509
23333	DPY19L1	dpy-19 like C-mannosyltransferase 1	-1.026	9.269
80820	EEPD1	endonuclease/exonuclease/phosphatase family domain containing 1	-1.339	7.446
5425	POLD2	DNA polymerase delta 2, accessory subunit	-1.26	9.877
730234	LOC730234	uncharacterized LOC730234	-1.224	4.094
2887	GRB10	growth factor receptor bound protein 10	-1.367	6.621
442319	ZNF727	zinc finger protein 727	1.54	4.516
51351	ZNF117	zinc finger protein 117	-1.016	3.456
107983971	LOC107983971		-1.025	4.335
64409	GALNT17	polypeptide N-acetylgalactosaminyltransferase 17	1.713	3.539
155382	VPS37D	VPS37D subunit of ESCRT-I	-1.198	2.263
171022	ABHD11-AS1	ABHD11 antisense RNA 1 (tail to tail)	1.563	3.645
6369	CCL24	C-C motif chemokine ligand 24	-1.334	2.512
105375368	DDX3ILA1	DDX3 interacting lncRNA 1	2.343	5.254
9723	SEMA3E	semaphorin 3E	2.241	3.171
223117	SEMA3D	semaphorin 3D	2.203	5.573
10926	DBF4	DBF4 zinc finger	-1.099	5.269
6717	SRI	sorcin	1.405	7.317
102723885	SRI-AS1	SRI antisense RNA 1	1.436	6.977
8321	FZD1	frizzled class receptor 1	1.154	10.46
54809	SAMD9	sterile alpha motif domain containing 9	1.681	6.464
64921	CASD1	CAS1 domain containing 1	1.393	8.667
8910	SGCE	sarcoglycan epsilon	1.09	2.911
389538	CCZ1P-OR7E38P	CCZ1P-OR7E38P readthrough	-1.03	5.64
222865	TMEM130	transmembrane protein 130	1.677	3.957
4176	MCM7	minichromosome maintenance complex component 7	-1.129	6.217
407014	MIR25	microRNA 25	-1.075	3.66
43	ACHE	acetylcholinesterase (Cartwright blood group)	1.514	5.415
10135	NAMPT	nicotinamide phosphoribosyltransferase	-1.172	4.158
83943	IMMP2L	inner mitochondrial membrane peptidase subunit 2	-1.077	6.697
54329	GPR85	G protein-coupled receptor 85	-1.001	2.234
83992	CTTNBP2	cortactin binding protein 2	-1.01	2.693
2861	GPR37	G protein-coupled receptor 37	-2.057	4.907
4232	MEST	mesoderm specific transcript	-1.179	8.921
136306	SVOPL	SVOP like	2.539	3.737
105375532	LOC105375532	uncharacterized LOC105375532	-1.076	2.846
27147	DENND2A	DENN domain containing 2A	1.241	9.182
8972	MGAM	maltase-glucoamylase	1.319	3.386
28619	TRBV3-1	T cell receptor beta variable 3-1	1.119	2.297
28560	TRBV27	T cell receptor beta variable 27	1.12	2.126
28627	TRBJ2-2P	T cell receptor beta joining 2-2P (non-functional)	1.085	2.87
27010	TPK1	thiamin pyrophosphokinase 1	1.104	7.03
2146	EZH2	enhancer of zeste 2 polycomb repressive complex 2 subunit	-1.005	4.42
105375564	ZNF775-AS1	ZNF775 antisense RNA 1	-1.037	3.06
26	AOC1	amine oxidase copper containing 1	2.045	8.339
1804	DPP6	dipeptidyl peptidase like 6	1.976	6.483
3638	INSIG1	insulin induced gene 1	-1.812	11.198
9920	KBTBD11	kelch repeat and BTB domain containing 11	1.134	5.51
1670	DEFA5	defensin alpha 5	-2.573	2.228
1508	CTSB	cathepsin B	-1.265	8.737
9	NAT1	N-acetyltransferase 1	1.421	8.105
4824	NKX3-1	NK3 homeobox 1	-1.041	2.183
2796	GNRH1	gonadotropin releasing hormone 1	1.045	7.042
54793	KCTD9	potassium channel tetramerization domain containing 9	1.339	12.101
2185	PTK2B	protein tyrosine kinase 2 beta	1.273	11.16
23303	KIF13B	kinesin family member 13B	1.331	9.295
3084	NRG1	neuregulin 1	2.089	5.644
1978	EIF4EBP1	eukaryotic translation initiation factor 4E binding protein 1	-1.287	8.219
203100	HTRA4	HtrA serine peptidase 4	-2.332	5.905
6422	SFRP1	secreted frizzled related protein 1	2.69	5.679
102723729	GPAT4-AS1	GPAT4 and GINS4 antisense RNA 1	-1.226	5.136
4173	MCM4	minichromosome maintenance complex component 4	-1.134	5.635
100505501	TOX-DT	TOX divergent transcript	1.918	6.391
8836	GGH	gamma-glutamyl hydrolase	-1.192	4.42
9420	CYP7B1	cytochrome P450 family 7 subfamily B member 1	-1.597	4.673
157777	MCMDC2	minichromosome maintenance domain containing 2	-1.238	7.551
641648	SNORD87	small nucleolar RNA, C/D box 87	-1.144	3.858
9242	MSC	musculin	-1.217	5.65
23462	HEY1	hes related family bHLH transcription factor with YRPW motif 1	1.032	5.804
105375919	LOC105375919	uncharacterized LOC105375919	1.759	3.343
105375918	LOC105375918	uncharacterized LOC105375918	2.93	5.9
105375624	WWP1-AS1	WWP1 antisense RNA 1	-1.066	3.463
54704	PDP1	pyruvate dehydrogenase phosphatase catalytic subunit 1	-1.017	5.641
51001	MTERF3	mitochondrial transcription termination factor 3	-1.031	9.396
4147	MATN2	matrilin 2	1.836	7.5
81034	SLC25A32	solute carrier family 25 member 32	-1.215	12.477
93035	PKHD1L1	PKHD1 like 1	2.474	7.261
5168	ENPP2	ectonucleotide pyrophosphatase/phosphodiesterase 2	1.283	4.032
654463	FER1L6	fer-1 like family member 6	2.758	4.681
157376	FER1L6-AS2	FER1L6 antisense RNA 2	2.673	4.731
157638	LRATD2	LRAT domain containing 2	-1.086	8.066
27161	AGO2	argonaute RISC catalytic component 2	-1.202	9.511
51337	THEM6	thioesterase superfamily member 6	-1.152	6.111
51236	HGH1	HGH1 homolog	-1.049	7.54
642658	SCX	scleraxis bHLH transcription factor	-1.326	7.053
340393	TMEM249	transmembrane protein 249	-1.034	3.027
79581	SLC52A2	solute carrier family 52 member 2	-1.005	4.301
4796	TONSL	tonsoku like, DNA repair protein	-1.168	6.55
100287098	TONSL-AS1	TONSL antisense RNA 1	-1.124	6.483
2875	GPT	glutamic--pyruvic transaminase	1.438	2.514
100996662	LOC100996662	uncharacterized LOC100996662	1.311	2.307
107986986	LOC107986986	uncharacterized LOC107986986	1.151	3.107
9933	PUM3	pumilio RNA binding family member 3	-1.095	8.391
90865	IL33	interleukin 33	-1.247	3.192
8777	MPDZ	multiple PDZ domain crumbs cell polarity complex component	-1.348	2.522
158326	FREM1	FRAS1 related extracellular matrix 1	-1.57	2.121
54801	HAUS6	HAUS augmin like complex subunit 6	-1.185	11.588
401494	HACD4	3-hydroxyacyl-CoA dehydratase 4	1.16	4.886
4507	MTAP	methylthioadenosine phosphorylase	-1.022	9.306
79817	MOB3B	MOB kinase activator 3B	1.442	9.338
65083	NOL6	nucleolar protein 6	-1.108	8.665
57462	MYORG	myogenesis regulating glycosidase (putative)	1.022	5.442
84688	C9orf24	chromosome 9 open reading frame 24	1.174	2.914
1271	CNTFR	ciliary neurotrophic factor receptor	2.38	3.815
10280	SIGMAR1	sigma non-opioid intracellular receptor 1	-1.278	9.082
8434	RECK	reversion inducing cysteine rich protein with kazal motifs	1.037	4.335
152007	GLIPR2	GLI pathogenesis related 2	1.345	6.328
64425	POLR1E	RNA polymerase I subunit E	-1.049	8.6
79937	CNTNAP3	contactin associated protein family member 3	2.054	5.971
100133036	FAM95B1	family with sequence similarity 95 member B1	2.814	6.704
728577	CNTNAP3B	contactin associated protein family member 3B	1.531	3.814
375719	AQP7P1	aquaporin 7 pseudogene 1	-1.434	2.934
105379252	LOC105379252	family with sequence similarity 95 member B1-like	2.856	7.785
643827	CNTNAP3P2	CNTNAP3 pseudogene 2	1.553	4.014
8395	PIP5K1B	phosphatidylinositol-4-phosphate 5-kinase type 1 beta	1.143	4.45
256691	MAMDC2	MAM domain containing 2	1.72	7.696
100507540	LINC01504	long intergenic non-protein coding RNA 1504	1.071	4.322
6096	RORB	RAR related orphan receptor B	2.088	4.012
51280	GOLM1	golgi membrane protein 1	1.517	8.925
1514	CTSL	cathepsin L	-1.036	4.721
23552	CDK20	cyclin dependent kinase 20	1.025	5.628
102724156	LINC03026	long intergenic non-protein coding RNA 3026	2.445	4.674
1903	S1PR3	sphingosine-1-phosphate receptor 3	-1.362	3.847
4958	OMD	osteomodulin	1.866	3.758
54829	ASPN	asporin	-1.369	3.151
105376161	LOC105376161	uncharacterized LOC105376161	1.252	2.996
54187	NANS	N-acetylneuraminate synthase	1.078	5.709
79695	GALNT12	polypeptide N-acetylgalactosaminyltransferase 12	1.584	7.074
54886	PLPPR1	phospholipid phosphatase related 1	-2.276	3.622
101928470	TMEM246-AS1	TMEM246 antisense RNA 1	1.388	6.49
84302	PGAP4	post-GPI attachment to proteins GalNAc transferase 4	1.308	6.727
23732	FRRS1L	ferric chelate reductase 1 like	3.449	6.114
79987	SVEP1	sushi, von Willebrand factor type A, EGF and pentraxin domain containing 1	1.025	2.596
158399	ZNF483	zinc finger protein 483	1.094	3.102
257169	C9orf43	chromosome 9 open reading frame 43	-1.222	5.322
1620	BRINP1	BMP/retinoic acid inducible neural specific 1	-1.244	2.273
10783	NEK6	NIMA related kinase 6	-1.012	10.329
158248	TTC16	tetratricopeptide repeat domain 16	-1.149	3.048
203	AK1	adenylate kinase 1	1.046	3.373
30815	ST6GALNAC6	ST6 N-acetylgalactosaminide alpha-2,6-sialyltransferase 6	2.564	7.517
10444	ZER1	zyg-11 related cell cycle regulator	1.168	14.72
100506190	LINC00963	long intergenic non-protein coding RNA 963	-1.013	5.847
23048	FNBP1	formin binding protein 1	1.181	4.807
28	ABO	ABO, alpha 1-3-N-acetylgalactosaminyltransferase and alpha 1-3-galactosyltransferase	1.298	4.034
2219	FCN1	ficolin 1	-1.363	2.149
10439	OLFM1	olfactomedin 1	1.059	2.678
57582	KCNT1	potassium sodium-activated channel subfamily T member 1	-1.533	2.119
677804	SNORA17A	small nucleolar RNA, H/ACA box 17A	-1.022	3.984
5730	PTGDS	prostaglandin D2 synthase	1.151	2.118
2529	FUT7	fucosyltransferase 7	-2.052	6.473
441478	NRARP	NOTCH regulated ankyrin repeat protein	1.246	5.081
26012	NSMF	NMDA receptor synaptonuclear signaling and neuronal migration factor	-1.148	4.337
651337	LOC651337	uncharacterized LOC651337	1.18	4.754
774	CACNA1B	calcium voltage-gated channel subunit alpha1 B	2.979	5.534
23560	GTPBP4	GTP binding protein 4	-1.074	9.564
83592	AKR1E2	aldo-keto reductase family 1 member E2	-1.095	3.685
114131	UCN3	urocortin 3	2.607	4.162
5209	PFKFB3	6-phosphofructo-2-kinase/fructose-2,6-biphosphatase 3	-1.204	7.223
207107	SFTA1P	surfactant associated 1, lncRNA	2.638	6.39
105376411	LOC105376411	uncharacterized LOC105376411	-1.025	4.667
83643	CCDC3	coiled-coil domain containing 3	-1.576	8.395
8029	CUBN	cubilin	1.085	4.695
221078	NSUN6	NOP2/Sun RNA methyltransferase 6	-1.051	5.875
221079	ARL5B	ADP ribosylation factor like GTPase 5B	-1.177	7.893
105376447	LOC105376447	uncharacterized LOC105376447	1.099	2.386
101929475	ITGB1-DT	ITGB1 divergent transcript	-1.767	7.995
643650	LINC00842	long intergenic non-protein coding RNA 842	2.168	3.696
5540	NPY4R	neuropeptide Y receptor Y4	1.741	3.605
9721	GPRIN2	G protein regulated inducer of neurite outgrowth 2	1.346	3.899
83849	SYT15	synaptotagmin 15	1.097	5.148
101929216	LOC101929216	replaced by ID 105378291	-1.969	2.874
439965	SHLD2P3	shieldin complex subunit 2 pseudogene 3	-1.018	9.764
100996758	NPY4R2	neuropeptide Y receptor Y4-2	1.867	4.025
196740	VSTM4	V-set and transmembrane domain containing 4	1.082	4.688
644168	DRGX	dorsal root ganglia homeobox	2.683	4.194
22943	DKK1	dickkopf WNT signaling pathway inhibitor 1	-2.178	4.962
220963	SLC16A9	solute carrier family 16 member 9	1.805	4.637
219790	RTKN2	rhotekin 2	-1.097	4.186
1959	EGR2	early growth response 2	-1.479	3.535
84665	MYPN	myopalladin	3.103	6.876
219738	FAM241B	family with sequence similarity 241 member B	-1.001	4.538
55222	LRRC20	leucine rich repeat containing 20	-1.342	7.719
64115	VSIR	V-set immunoregulatory receptor	1.336	9.032
84647	PLA2G12B	phospholipase A2 group XIIB	-1.796	2.512
5033	P4HA1	prolyl 4-hydroxylase subunit alpha 1	-1.349	10.005
132	ADK	adenosine kinase	-1.181	7.742
84858	ZNF503	zinc finger protein 503	-1.01	2.786
729238	SFTPA2	surfactant protein A2	2.147	3.782
729262	NUTM2B	NUT family member 2B	1.089	6.37
219348	PLAC9	placenta associated 9	1.393	3.89
387695	GPR15LG	G protein-coupled receptor 15 ligand	2.019	4.234
2894	GRID1	glutamate ionotropic receptor delta type subunit 1	1.149	2.914
355	FAS	Fas cell surface death receptor	1.254	5.11
643529	LINC00865	long intergenic non-protein coding RNA 865	1.149	2.881
3832	KIF11	kinesin family member 11	-1.006	3.329
338557	FFAR4	free fatty acid receptor 4	2.283	4.693
64318	NOC3L	NOC3 like DNA replication regulator	-1.061	8.612
57715	SEMA4G	semaphorin 4G	1.216	4.565
9221	NOLC1	nucleolar and coiled-body phosphoprotein 1	-1.138	8.626
54805	CNNM2	cyclin and CBS domain divalent metal cation transport mediator 2	1.081	13.231
102724351	LOC102724351	uncharacterized LOC102724351	1.192	5.247
9446	GSTO1	glutathione S-transferase omega 1	-1.232	10.565
85450	ITPRIP	inositol 1,4,5-trisphosphate receptor interacting protein	-1.046	5.997
840	CASP7	caspase 7	1.576	10.927
399815	C10orf88B	C10orf88B (pseudogene)	-1.309	3.776
340784	HMX3	H6 family homeobox 3	2.233	2.658
642938	INSYN2A	inhibitory synaptic factor 2A	1.125	3.615
119467	CLRN3	clarin 3	1.32	5.04
664	BNIP3	BCL2 interacting protein 3	-2.261	7.078
101	ADAM8	ADAM metallopeptidase domain 8	-1.057	3.121
171389	NLRP6	NLR family pyrin domain containing 6	-1.301	2.312
80162	PGGHG	protein-glucosylgalactosylhydroxylysine glucosidase	-1.333	3.729
10581	IFITM2	interferon induced transmembrane protein 2	-1.351	5.668
105376506	LOC105376506	uncharacterized LOC105376506	-1.017	2.554
101059906	LOC101059906		-1.33	3.142
9024	BRSK2	BR serine/threonine kinase 2	-1.506	2.198
322	APBB1	amyloid beta precursor protein binding family B member 1	1.023	2.358
7275	TUB	TUB bipartite transcription factor	1.831	5.58
7465	WEE1	WEE1 G2 checkpoint kinase	-1.129	5.827
84953	MICALCL	replaced by ID 9645	1.403	6.799
10819	OR7E14P	olfactory receptor family 7 subfamily E member 14 pseudogene	1.099	5.25
6833	ABCC8	ATP binding cassette subfamily C member 8	2.955	5.936
203859	ANO5	anoctamin 5	2.428	5.927
55366	LGR4	leucine rich repeat containing G protein-coupled receptor 4	1.048	5.161
105376671	LGR4-AS1	LGR4 antisense RNA 1	1.179	5.898
55346	TCP11L1	t-complex 11 like 1	1.046	8.651
283267	LINC00294	long intergenic non-protein coding RNA 294	1.132	10.097
79899	PRR5L	proline rich 5 like	1.241	7.661
1132	CHRM4	cholinergic receptor muscarinic 4	1.822	5.106
29763	PACSIN3	protein kinase C and casein kinase substrate in neurons 3	-1.704	3.674
5553	PRG2	proteoglycan 2, pro eosinophil major basic protein	-1.983	4.31
8501	SLC43A1	solute carrier family 43 member 1	-1.774	8.751
219539	YPEL4	yippee like 4	1.38	3.663
54860	MS4A12	membrane spanning 4-domains A12	4.567	7.775
83661	MS4A8	membrane spanning 4-domains A8	2.325	4.498
105369326	LOC105369326	uncharacterized LOC105369326	-1.306	2.566
9066	SYT7	synaptotagmin 7	-1.424	6.901
101927495	LOC101927495	uncharacterized LOC101927495	1.71	2.423
79026	AHNAK	AHNAK nucleoprotein	1.214	5.893
9300	SNORD28	small nucleolar RNA, C/D box 28	-1.145	4.702
6520	SLC3A2	solute carrier family 3 member 2	-1.003	8.583
101927673	LOC101927673		-1.097	2.215
23769	FLRT1	fibronectin leucine rich transmembrane protein 1	1.327	3.657
55867	SLC22A11	solute carrier family 22 member 11	-2.463	2.688
10235	RASGRP2	RAS guanyl releasing protein 2	1.063	2.791
5837	PYGM	glycogen phosphorylase, muscle associated	1.19	2.332
55561	CDC42BPG	CDC42 binding protein kinase gamma	1.12	4.414
105369343	MIR194-2HG	MIR194-2 host gene	1.536	5.766
406967	MIR192	microRNA 192	1.221	4.253
109136578	MASCRNA	MALAT1-associated small cytoplasmic RNA	1.158	2.805
100189285	TRS-GCT3-1	tRNA-Ser (anticodon GCT) 3-1	1.219	4.038
29984	RHOD	ras homolog family member D	-1.602	8.598
57571	CARNS1	carnosine synthase 1	1.069	2.488
105379407	LINC02747	long intergenic non-protein coding RNA 2747	1.298	2.769
55107	ANO1	anoctamin 1	-1.416	4.983
2348	FOLR1	folate receptor alpha	-2.45	4.545
84957	RELT	RELT TNF receptor	-1.067	6.367
105369392	LOC105369392	uncharacterized LOC105369392	1.155	2.039
112268079	LOC112268079	uncharacterized LOC112268079	-1.77	3.26
2615	LRRC32	leucine rich repeat containing 32	-1.081	4.06
107984360	LOC107984360		-1.012	3.493
726	CAPN5	calpain 5	1.594	9.954
4647	MYO7A	myosin VIIA	-1.337	6.452
54843	SYTL2	synaptotagmin like 2	1.668	6.918
643733	CASP4LP	caspase 4 like, pseudogene	1.255	4.561
2977	GUCY1A2	guanylate cyclase 1 soluble subunit alpha 2	-1.521	7.216
120376	POU2AF3	POU class 2 homeobox associating factor 3	1.511	3.105
1410	CRYAB	crystallin alpha B	1.168	3.932
3316	HSPB2	heat shock protein family B (small) member 2	1.129	2.396
3606	IL18	interleukin 18	1.214	3.814
1813	DRD2	dopamine receptor D2	-3.064	5.244
120400	NXPE1	neurexophilin and PC-esterase domain family member 1	2.798	5.06
54827	NXPE4	neurexophilin and PC-esterase domain family member 4	2.525	4.044
57453	DSCAML1	DS cell adhesion molecule like 1	2.79	6
6309	SC5D	sterol-C5-desaturase	-1.08	5.855
85390	SNORD14D	small nucleolar RNA, C/D box 14D	-1.358	4.961
85389	SNORD14C	small nucleolar RNA, C/D box 14C	-1.271	3.599
54414	SIAE	sialic acid acetylesterase	1.699	10.238
219855	SLC37A2	solute carrier family 37 member 2	1.257	2.213
6484	ST3GAL4	ST3 beta-galactoside alpha-2,3-sialyltransferase 4	1.67	3.86
120224	TMEM45B	transmembrane protein 45B	1.522	6.23
283358	B4GALNT3	beta-1,4-N-acetyl-galactosaminyltransferase 3	1.427	5.929
100271702	LINC00940	long intergenic non-protein coding RNA 940	2.801	4.733
10867	TSPAN9	tetraspanin 9	-1.043	4.36
84766	CRACR2A	calcium release activated channel regulator 2A	1.051	3.492
26290	GALNT8	polypeptide N-acetylgalactosaminyltransferase 8	1.84	3.697
3742	KCNA6	potassium voltage-gated channel subfamily A member 6	1.994	7.551
112268088	LOC112268088	uncharacterized LOC112268088	1.501	4.158
6337	SCNN1A	sodium channel epithelial 1 subunit alpha	1.486	4.563
107984500	LOC107984500	uncharacterized LOC107984500	1.48	5.046
4839	NOP2	NOP2 nucleolar protein	-1.181	9.814
144195	SLC2A14	solute carrier family 2 member 14	-1.237	3.357
6515	SLC2A3	solute carrier family 2 member 3	-1.706	5.587
26253	CLEC4E	C-type lectin domain family 4 member E	-2.79	6.758
57494	RIMKLB	ribosomal modification protein rimK like family member B	1.077	2.777
969	CD69	CD69 molecule	1.074	2.751
64581	CLEC7A	C-type lectin domain containing 7A	-1.061	3.439
79370	BCL2L14	BCL2 like 14	1.175	3.731
55507	GPRC5D	G protein-coupled receptor class C group 5 member D	1.093	3.983
2012	EMP1	epithelial membrane protein 1	1.144	3.831
85004	RERG	RAS like estrogen regulated growth inhibitor	1.028	2.89
105369672	LOC105369672	uncharacterized LOC105369672	-2.74	4.251
5139	PDE3A	phosphodiesterase 3A	1.62	5.348
53919	SLCO1C1	solute carrier organic anion transporter family member 1C1	1.57	5.694
10060	ABCC9	ATP binding cassette subfamily C member 9	-2.375	4.93
105369151	LOC105369151	uncharacterized LOC105369151	1.206	3.185
586	BCAT1	branched chain amino acid transaminase 1	-1.099	3.568
79365	BHLHE41	basic helix-loop-helix family member e41	1.397	6.852
55726	INTS13	integrator complex subunit 13	-1.048	9.4
144203	OVOS2	alpha-2-macroglobulin like 1 pseudogene	1.178	2.705
100874249	DENND5B-AS1	DENND5B antisense RNA 1	-1.2	5.409
283461	C12orf40	chromosome 12 open reading frame 40	1.446	7.719
114134	SLC2A13	solute carrier family 2 member 13	1.407	10.224
4753	NELL2	neural EGFL like 2	1.179	2.914
54407	SLC38A2	solute carrier family 38 member 2	-1.212	6.237
7421	VDR	vitamin D receptor	1.218	6.878
1280	COL2A1	collagen type II alpha 1 chain	2.08	3.69
7480	WNT10B	Wnt family member 10B	1.081	3.14
121268	RHEBL1	RHEB like 1	-1.012	4.149
2819	GPD1	glycerol-3-phosphate dehydrogenase 1	-2.121	5.551
51474	LIMA1	LIM domain and actin binding 1	1.643	10.508
4891	SLC11A2	solute carrier family 11 member 2	-1.183	7.214
9498	SLC4A8	solute carrier family 4 member 8	-1.076	3.137
9700	ESPL1	extra spindle pole bodies like 1, separase	-1.15	4.737
3221	HOXC4	homeobox C4	1.198	2.977
1606	DGKA	diacylglycerol kinase alpha	1.148	6.448
8914	TIMELESS	timeless circadian regulator	-1.069	7.696
4640	MYO1A	myosin IA	1.631	5.186
2735	GLI1	GLI family zinc finger 1	1.015	5.424
102465454	MIR6758	microRNA 6758	-1.062	3.136
3798	KIF5A	kinesin family member 5A	2.83	7.207
1019	CDK4	cyclin dependent kinase 4	-1.013	10.758
4234	METTL1	methyltransferase 1, tRNA methylguanosine	-1.153	11.048
91419	ATP23	ATP23 metallopeptidase and ATP synthase assembly factor homolog	1.004	4.933
11260	XPOT	exportin for tRNA	-1.19	11.361
8091	HMGA2	high mobility group AT-hook 2	-1.176	2.822
105369816	LOC105369816	uncharacterized LOC105369816	1.031	5.871
7103	TSPAN8	tetraspanin 8	1.286	3.696
105369832	LOC105369832	uncharacterized LOC105369832	1.863	4.85
4673	NAP1L1	nucleosome assembly protein 1 like 1	-1.066	9.403
4922	NTS	neurotensin	-1.788	2.101
4254	KITLG	KIT ligand	1.41	9.245
105369885	LOC105369885	uncharacterized LOC105369885	2.067	7.013
84101	USP44	ubiquitin specific peptidase 44	1.416	3.66
144535	CFAP54	cilia and flagella associated protein 54	1.836	5.814
27340	UTP20	UTP20 small subunit processome component	-1.018	8.057
4604	MYBPC1	myosin binding protein C1	1.827	2.64
79158	GNPTAB	N-acetylglucosamine-1-phosphate transferase subunits alpha and beta	1.274	8.622
5367	PMCH	pro-melanin concentrating hormone	-1.181	5.429
121551	ABTB3	ankyrin repeat and BTB domain containing 3	-1.34	3.061
9671	WSCD2	WSC domain containing 2	1.811	3.416
338773	TMEM119	transmembrane protein 119	1.116	3.73
84915	FAM222A	family with sequence similarity 222 member A	-1.053	3.484
105370004	LINC02463	long intergenic non-protein coding RNA 2463	-2.248	2.788
84900	RNFT2	ring finger protein, transmembrane 2	-1.123	3.137
54509	RHOF	ras homolog family member F, filopodia associated	1.147	4.166
100506691	LINC02985	long intergenic non-protein coding RNA 2985	-1.376	2.983
196385	DNAH10	dynein axonemal heavy chain 10	-1.024	2.311
100533183	ZNF664-RFLNA	ZNF664-RFLNA readthrough	1.008	4.869
144347	RFLNA	refilin A	1.308	4.315
121256	TMEM132D	transmembrane protein 132D	1.885	4.841
9271	PIWIL1	piwi like RNA-mediated gene silencing 1	-1.46	2.718
23504	RIMBP2	RIMS binding protein 2	1.75	3.771
80324	PUS1	pseudouridine synthase 1	-1.11	11.074
53342	IL17D	interleukin 17D	-1.034	3.487
221143	EEF1AKMT1	EEF1A lysine methyltransferase 1	-1.202	8.505
2254	FGF9	fibroblast growth factor 9	2.552	6.005
100506622	LINC00540	long intergenic non-protein coding RNA 540	-2.502	2.874
338872	C1QTNF9	C1q and TNF related 9	1.828	5.388
51761	ATP8A2	ATPase phospholipid transporting 8A2	1.209	2.504
6144	RPL21	ribosomal protein L21	-1.041	3.378
2321	FLT1	fms related receptor tyrosine kinase 1	-1.044	5.687
107984577	LOC107984577	uncharacterized LOC107984577	1.863	7.066
241	ALOX5AP	arachidonate 5-lipoxygenase activating protein	-1.011	3.062
4081	MAB21L1	mab-21 like 1	3.168	7.276
9201	DCLK1	doublecortin like kinase 1	1.875	5.297
10166	SLC25A15	solute carrier family 25 member 15	-1.745	11.071
100616668	TPTE2P5	TPTE2 pseudogene 5	-1.004	5.923
693206	MIR621	microRNA 621	-1.622	7.98
84650	EBPL	EBP like	-1.13	7.732
100887750	MRPS31P5	mitochondrial ribosomal protein S31 pseudogene 5	-1.105	6.456
64881	PCDH20	protocadherin 20	1.471	2.038
84189	SLITRK6	SLIT and NTRK like family member 6	2.228	3.625
23483	TGDS	TDP-glucose 4,6-dehydratase	-1.077	8.692
3843	IPO5	importin 5	-1.116	9.157
84899	TMTC4	transmembrane O-mannosyltransferase targeting cadherins 4	-1.009	6.824
100874203	COL4A2-AS1	COL4A2 antisense RNA 1	-1.198	2.621
57820	CCNB1IP1	cyclin B1 interacting protein 1	-1.026	7.652
123103	KLHL33	kelch like family member 33	1.144	2.874
6035	RNASE1	ribonuclease A family member 1, pancreatic	1.607	8.751
28691	TRAV2	T cell receptor alpha variable 2	1.137	2.089
51310	SLC22A17	solute carrier family 22 member 17	1.894	6.321
90668	CARMIL3	capping protein regulator and myosin 1 linker 3	-1.145	4.007
79711	IPO4	importin 4	-1.127	8.986
64067	NPAS3	neuronal PAS domain protein 3	1.902	4.448
1073	CFL2	cofilin 2	-1.184	2.252
145282	MIPOL1	mirror-image polydactyly 1	1.697	6.644
6751	SSTR1	somatostatin receptor 1	1.358	3.176
105370481	LOC105370481	uncharacterized LOC105370481	2.506	4.481
8814	CDKL1	cyclin dependent kinase like 1	1.256	8.496
51062	ATL1	atlastin GTPase 1	1.146	5.944
114088	TRIM9	tripartite motif containing 9	1.126	2.708
5729	PTGDR	prostaglandin D2 receptor	2.581	5.435
105370504	LOC105370504	uncharacterized LOC105370504	1.287	3.549
10668	CGRRF1	cell growth regulator with ring finger domain 1	1.046	7.987
3958	LGALS3	galectin 3	1.253	6.206
57161	PELI2	pellino E3 ubiquitin protein ligase family member 2	1.106	3.84
161291	TMEM30B	transmembrane protein 30B	1.557	8.297
4522	MTHFD1	methylenetetrahydrofolate dehydrogenase, cyclohydrolase and formyltetrahydrofolate synthetase 1	-1.674	10.114
105370546	LOC105370546	uncharacterized LOC105370546	1.606	2.219
23508	TTC9	tetratricopeptide repeat domain 9	-1.107	3.015
145483	FAM161B	FAM161 centrosomal protein B	1.247	9.455
85457	CIPC	CLOCK interacting pacemaker	1.099	9.531
7253	TSHR	thyroid stimulating hormone receptor	1.464	3.337
54207	KCNK10	potassium two pore domain channel subfamily K member 10	1.549	3.427
11099	PTPN21	protein tyrosine phosphatase non-receptor type 21	1.313	7.892
80017	DGLUCY	D-glutamate cyclase	1.091	7.437
105370624	LOC105370624	uncharacterized LOC105370624	1.163	5.724
57578	UNC79	unc-79 homolog, NALCN channel complex subunit	1.345	7.053
56967	C14orf132	chromosome 14 open reading frame 132	1.605	4.56
51527	GSKIP	GSK3B interacting protein	1.24	8.261
105370673	LOC105370673	uncharacterized LOC105370673	1.698	2.447
122416	ANKRD9	ankyrin repeat domain 9	1.142	6.157
55038	CDCA4	cell division cycle associated 4	-1.107	7.998
3503	IGHG4	immunoglobulin heavy constant gamma 4 (G4m marker)	-1.773	2.386
3507	IGHM	immunoglobulin heavy constant mu	2.307	5.668
28481	IGHJ2	immunoglobulin heavy joining 2	2.088	3.222
28385	IGHV6-1	immunoglobulin heavy variable 6-1	2.22	4.28
28473	IGHV1-3	immunoglobulin heavy variable 1-3	2.646	6.275
28401	IGHV4-4	immunoglobulin heavy variable 4-4	1.668	2.046
57289	IGHV7-4-1	immunoglobulin heavy variable 7-4-1	2.093	2.753
102723170	IGHV3-64D	immunoglobulin heavy variable 3-64D	2.689	3.611
28386	IGHV5-10-1	immunoglobulin heavy variable 5-10-1	2.799	3.448
28450	IGHV3-11	immunoglobulin heavy variable 3-11	2.248	4.835
28448	IGHV3-15	immunoglobulin heavy variable 3-15	1.898	3.251
28445	IGHV3-20	immunoglobulin heavy variable 3-20	1.702	2.265
28443	IGHV3-22	immunoglobulin heavy variable 3-22 (pseudogene)	2.425	4.451
28442	IGHV3-23	immunoglobulin heavy variable 3-23	1.85	3.899
28434	IGHV3-33	immunoglobulin heavy variable 3-33	1.723	2.797
28395	IGHV4-34	immunoglobulin heavy variable 4-34	1.834	3.847
28394	IGHV4-39	immunoglobulin heavy variable 4-39	1.802	3.469
28426	IGHV3-43	immunoglobulin heavy variable 3-43	1.817	2.531
28424	IGHV3-48	immunoglobulin heavy variable 3-48	2.047	4.193
28388	IGHV5-51	immunoglobulin heavy variable 5-51	1.625	2.603
28421	IGHV3-52	immunoglobulin heavy variable 3-52 (pseudogene)	2.468	2.79
28393	IGHV4-55	immunoglobulin heavy variable 4-55 (pseudogene)	1.918	2.224
28464	IGHV1-58	immunoglobulin heavy variable 1-58	2.309	3.821
28391	IGHV4-61	immunoglobulin heavy variable 4-61	1.611	2.487
28402	IGHV3-69-1	immunoglobulin heavy variable 3-69-1 (pseudogene)	1.732	2.773
28454	IGHV2-70	immunoglobulin heavy variable 2-70	1.487	2.168
28411	IGHV3-71	immunoglobulin heavy variable 3-71 (pseudogene)	2.571	2.649
28410	IGHV3-72	immunoglobulin heavy variable 3-72	2.546	4.73
28409	IGHV3-73	immunoglobulin heavy variable 3-73	2.152	3.824
28451	IGHV3-9	immunoglobulin heavy variable 3-9	1.71	2.251
102723407	LOC102723407	immunoglobulin heavy variable 4-38-2-like	1.679	2.052
2562	GABRB3	gamma-aminobutyric acid type A receptor subunit beta3	1.954	3.37
23359	ENTREP2	endosomal transmembrane epsin interactor 2	1.957	3.494
105370743	LOC105370743	uncharacterized LOC105370743	1.704	3.388
283710	LINC03034	long intergenic non-protein coding RNA 3034	1.277	3.474
105376707	LOC105376707		1.201	4.381
254531	LPCAT4	lysophosphatidylcholine acyltransferase 4	1.36	8.48
2644	GCHFR	GTP cyclohydrolase I feedback regulator	-1.093	4.249
54866	PPP1R14D	protein phosphatase 1 regulatory inhibitor subunit 14D	1.583	5.313
102724362	SPINT1-AS1	SPINT1 antisense RNA 1	1.076	4.812
6692	SPINT1	serine peptidase inhibitor, Kunitz type 1	1.081	4.906
79094	CHAC1	ChaC glutathione specific gamma-glutamylcyclotransferase 1	-1.198	2.961
11261	CHP1	calcineurin like EF-hand protein 1	1.039	6.784
51203	NUSAP1	nucleolar and spindle associated protein 1	-1.011	3.617
255189	PLA2G4F	phospholipase A2 group IVF	1.36	4.104
1159	CKMT1B	creatine kinase, mitochondrial 1B	1.345	4.849
548596	CKMT1A	creatine kinase, mitochondrial 1A	1.306	4.595
554225	STRCP1	stereocilin pseudogene 1	1.06	4.26
80237	ELL3	elongation factor for RNA polymerase II 3	1.116	4.343
619189	SERINC4	serine incorporator 4	1.161	7.691
84978	FRMD5	FERM domain containing 5	-1.368	3.644
140691	TRIM69	tripartite motif containing 69	1.109	3.682
84419	C15orf48	chromosome 15 open reading frame 48	2.31	7.422
100126311	MIR147B	microRNA 147b	2.314	7.593
107987223	LOC107987223	uncharacterized LOC107987223	2.163	5.444
105376714	LOC105376714	uncharacterized LOC105376714	1.83	6.157
7782	SLC30A4	solute carrier family 30 member 4	1.694	12.523
283651	HMGN2P46	high mobility group nucleosomal binding domain 2 pseudogene 46	1.624	8.142
58472	SQOR	sulfide quinone oxidoreductase	1.441	8.597
29106	SCG3	secretogranin III	3.256	7.433
5873	RAB27A	RAB27A, member RAS oncogene family	1.256	4.293
145788	PIERCE2	piercer of microtubule wall 2	1.26	4.864
4734	NEDD4	NEDD4 E3 ubiquitin protein ligase	-1.467	8.326
283663	LINC00926	long intergenic non-protein coding RNA 926	1.384	8.354
100820829	MYZAP	myocardial zonula adherens protein	1.155	6.66
9245	GCNT3	glucosaminyl (N-acetyl) transferase 3, mucin type	2.507	5.803
83660	TLN2	talin 2	1.059	5.443
51495	HACD3	3-hydroxyacyl-CoA dehydratase 3	-1.079	7.432
91860	CALML4	calmodulin like 4	1.124	7.867
145694	KIF23-AS1	KIF23 and PAQR5 antisense RNA 1	1.223	5.954
79875	THSD4	thrombospondin type 1 domain containing 4	1.24	5.777
60677	CELF6	CUGBP Elav-like family member 6	1.176	3.79
4756	NEO1	neogenin 1	1.335	8.759
10066	SCAMP2	secretory carrier membrane protein 2	1.04	9.385
10099	TSPAN3	tetraspanin 3	1.511	10.688
105370912	LOC105370912	uncharacterized LOC105370912	1.53	3.889
1512	CTSH	cathepsin H	-1.25	8.467
105376722	LOC105376722	uncharacterized LOC105376722	2.182	6.437
57538	ALPK3	alpha kinase 3	-1.458	2.025
4916	NTRK3	neurotrophic receptor tyrosine kinase 3	2.559	6.959
64782	AEN	apoptosis enhancing nuclease	-1.14	9.171
11057	ABHD2	abhydrolase domain containing 2, acylglycerol lipase	-1.376	8.905
112268155	LOC112268155		-1.384	9.41
55215	FANCI	FA complementation group I	-1.053	5.338
51458	RHCG	Rh family C glycoprotein	-1.923	2.732
145873	MESP2	mesoderm posterior bHLH transcription factor 2	1.279	2.536
290	ANPEP	alanyl aminopeptidase, membrane	2.324	3.696
105370969	LOC105370969	uncharacterized LOC105370969	1.009	2.945
9055	PRC1	protein regulator of cytokinesis 1	-1.014	3.853
100507118	PRC1-AS1	PRC1 antisense RNA 1	-1.023	4.172
9899	SV2B	synaptic vesicle glycoprotein 2B	1.386	2.831
55784	MCTP2	multiple C2 and transmembrane domain containing 2	1.3	6.864
100128108	UBE2Q2P13	UBE2Q2 pseudogene 13	1.062	3.065
64714	PDIA2	protein disulfide isomerase family A member 2	-1.331	2.318
197335	WDR90	WD repeat domain 90	-1.05	5.605
63922	CHTF18	chromosome transmission fidelity factor 18	-1.213	5.947
574042	SNORA10	small nucleolar RNA, H/ACA box 10	-1.253	4.429
26784	SNORA64	small nucleolar RNA, H/ACA box 64	-1.254	4.933
25837	RAB26	RAB26, member RAS oncogene family	1.597	4.255
10131	TRAP1	TNF receptor associated protein 1	-1.196	11.001
9717	SEC14L5	SEC14 like lipid binding 5	2.595	6.101
105371095	LOC105371095	replaced by ID 8399	1.773	6.299
105376747	LOC105376747	replaced by ID 100652777	1.586	4.761
105376749	LOC105376749	uncharacterized LOC105376749	2.016	4.732
57020	VPS35L	VPS35 endosomal protein sorting factor like	1.12	5.216
2813	GP2	glycoprotein 2	2.957	4.504
100652781	SNX29P1	sorting nexin 29 pseudogene 1	1.14	4.165
10595	ERN2	endoplasmic reticulum to nucleus signaling 2	1.574	4.608
55911	APOBR	apolipoprotein B receptor	1.51	4.816
5595	MAPK3	mitogen-activated protein kinase 3	1.056	8.072
100862671	TMEM265	transmembrane protein 265	-1.234	5.062
146547	PRSS36	serine protease 36	1.075	5.916
3684	ITGAM	integrin subunit alpha M	-1.081	3.122
3687	ITGAX	integrin subunit alpha X	-1.455	7.53
64127	NOD2	nucleotide binding oligomerization domain containing 2	-1.628	6.783
51090	PLLP	plasmolipin	1.426	2.724
9289	ADGRG1	adhesion G protein-coupled receptor G1	-1.046	4.332
146227	BEAN1	brain expressed associated with NEDD4 1	-2.023	4.696
8824	CES2	carboxylesterase 2	1.103	4.094
865	CBFB	core-binding factor subunit beta	-1.248	13.57
55512	SMPD3	sphingomyelin phosphodiesterase 3	1.591	7.646
348174	CLEC18A	C-type lectin domain family 18 member A	1.085	4.24
23450	SF3B3	splicing factor 3b subunit 3	-1.06	10.154
10164	CHST4	carbohydrate sulfotransferase 4	-3.233	3.283
91862	MARVELD3	MARVEL domain containing 3	1.474	7.443
83449	PMFBP1	polyamine modulated factor 1 binding protein 1	-1.281	2.413
101927957	LINC01572	long intergenic non-protein coding RNA 1572	-1.169	4.275
23563	CHST5	carbohydrate sulfotransferase 5	2.786	5.602
55839	CENPN	centromere protein N	-1.091	9.365
107984858	CENPN-AS1	CENPN antisense RNA 1	-1.151	6.216
2653	GCSH	glycine cleavage system protein H	-1.579	14.622
53630	BCO1	beta-carotene oxygenase 1	1.119	3.292
9914	ATP2C2	ATPase secretory pathway Ca2+ transporting 2	1.12	2.941
105371374	ATP2C2-AS1	ATP2C2 antisense RNA 1	1.147	3.363
9764	KIAA0513	KIAA0513	1.591	7.98
105371380	LOC105371380		1.121	4.535
2303	FOXC2	forkhead box C2	-2.091	6.878
2300	FOXL1	forkhead box L1	1.348	4.477
57338	JPH3	junctophilin 3	2.022	7.018
107984862	LOC107984862	uncharacterized LOC107984862	-1.124	2.448
124045	SPATA33	spermatogenesis associated 33	-1.15	6.363
105371416	LINC02166	long intergenic non-protein coding RNA 2166	-1.114	3.879
100130015	URAHP	urate (hydroxyiso-) hydrolase, pseudogene	-1.002	8.865
407004	MIR22	microRNA 22	1.471	5.711
105371496	LINC01975	long intergenic non-protein coding RNA 1975	3.419	5.824
124975	GGT6	gamma-glutamyltransferase 6	1.958	5.584
84225	ZMYND15	zinc finger MYND-type containing 15	-1.022	4.567
284013	VMO1	vitelline membrane outer layer 1 homolog	-1.288	3.336
55065	SLC52A1	solute carrier family 52 member 1	2.53	6.061
83394	PITPNM3	PITPNM family member 3	1.57	8.582
1366	CLDN7	claudin 7	1.372	5.328
6844	VAMP2	vesicle associated membrane protein 2	1.104	8.922
9212	AURKB	aurora kinase B	-1.18	3.847
284029	LINC00324	long intergenic non-protein coding RNA 324	1.045	5.349
100128288	LOC100128288	uncharacterized LOC100128288	1.161	4.658
4628	MYH10	myosin heavy chain 10	-1.192	4.469
112268195	LOC112268195		-1.038	2.815
102724262	LOC102724262	uncharacterized LOC102724262	-1.22	4.139
105371529	LOC105371529	uncharacterized LOC105371529	1.3	2.346
162387	MFSD6L	major facilitator superfamily domain containing 6 like	1.401	2.83
105371532	LOC105371532		1.344	4.425
1770	DNAH9	dynein axonemal heavy chain 9	1.892	5.078
4213	MEIS3P1	Meis homeobox 3 pseudogene 1	1.591	7.714
9720	CCDC144A	coiled-coil domain containing 144A	1.199	2.05
146691	TOM1L2	target of myb1 like 2 membrane trafficking protein	1	8.943
92521	SPECC1	sperm antigen with calponin homology and coiled-coil domains 1	1.553	7.06
347716	USP32P3	ubiquitin specific peptidase 32 pseudogene 3	1.294	6.663
284194	LGALS9B	galectin 9B	2.396	5.85
8456	FOXN1	forkhead box N1	2.111	3.543
124925	SEZ6	seizure related 6 homolog	2.406	4.071
374786	EFCAB5	EF-hand calcium binding domain 5	1.268	7.011
6532	SLC6A4	solute carrier family 6 member 4	-2.133	2.601
4642	MYO1D	myosin ID	1.095	5.34
102724715	MYO1D-DT	MYO1D divergent transcript	1.367	5.057
102724731	LOC102724731		1.209	3.516
6347	CCL2	C-C motif chemokine ligand 2	-1	2.99
6357	CCL13	C-C motif chemokine ligand 13	1.681	2.605
6359	CCL15	C-C motif chemokine ligand 15	1.525	6.772
107985068	LOC107985068	uncharacterized LOC107985068	1.261	5.05
6362	CCL18	C-C motif chemokine ligand 18	-2.358	5.495
6348	CCL3	C-C motif chemokine ligand 3	-1.32	3.817
6351	CCL4	C-C motif chemokine ligand 4	-1.242	3.515
414062	CCL3L3	C-C motif chemokine ligand 3 like 3	-1.17	2.192
9560	CCL4L2	C-C motif chemokine ligand 4 like 2	-1.361	3.059
80725	SRCIN1	SRC kinase signaling inhibitor 1	-1.49	4.581
105371768	LOC105371768	uncharacterized LOC105371768	1.442	6.438
782	CACNB1	calcium voltage-gated channel auxiliary subunit beta 1	1.198	5.589
55876	GSDMB	gasdermin B	1.19	4.977
51195	RAPGEFL1	Rap guanine nucleotide exchange factor like 1	1.292	4.836
101059954	LOC101059954	replaced by ID 105371773	-1.402	4.067
3880	KRT19	keratin 19	1.104	2.925
8639	AOC3	amine oxidase copper containing 3	1.089	3.19
4355	MPP2	MAGUK p55 scaffold protein 2	2.231	7.342
5697	PYY	peptide YY	3.644	4.551
10900	RUNDC3A	RUN domain containing 3A	1.482	3.036
10882	C1QL1	complement C1q like 1	1.294	3.088
102465470	MIR6784	microRNA 6784	1.072	3.084
114881	OSBPL7	oxysterol binding protein like 7	1.065	4.203
80320	SP6	Sp6 transcription factor	-1.483	3.188
100506325	SP2-AS1	SP2 antisense RNA 1	-1.048	5.029
55163	PNPO	pyridoxamine 5'-phosphate oxidase	-1.019	8.309
10481	HOXB13	homeobox B13	2.21	2.581
284076	TTLL6	tubulin tyrosine ligase like 6	2.577	6.067
55040	EPN3	epsin 3	1.051	2.363
105371824	LOC105371824	uncharacterized LOC105371824	1.029	2.574
55273	TMEM100	transmembrane protein 100	2.322	5.814
4353	MPO	myeloperoxidase	-1.678	3.098
9256	TSPOAP1	TSPO associated protein 1	-1.042	2.197
5414	SEPTIN4	septin 4	-1.045	3.626
55771	PRR11	proline rich 11	-1.203	5.878
103689912	TBX2-AS1	TBX2 antisense RNA 1	1.15	2.934
677842	SNORA50C	small nucleolar RNA, H/ACA box 50C	-1.209	2.866
27092	CACNG4	calcium voltage-gated channel auxiliary subunit gamma 4	-3.213	5.992
9120	SLC16A6	solute carrier family 16 member 6	-1.2	4.481
5608	MAP2K6	mitogen-activated protein kinase kinase 6	1.479	5.915
2584	GALK1	galactokinase 1	-1.504	11.99
79651	RHBDF2	rhomboid 5 homolog 2	-1.376	9.814
114757	CYGB	cytoglobin	1.171	5.891
768206	PRCD	photoreceptor disc component	1.067	5.623
55808	ST6GALNAC1	ST6 N-acetylgalactosaminide alpha-2,6-sialyltransferase 1	2.109	4.438
100507351	LOC100507351	uncharacterized LOC100507351	2.928	6.705
101928710	SCAT1	S-phase cancer associated transcript 1	-1.652	2.739
114897	C1QTNF1	C1q and TNF related 1	-1.079	4.333
57332	CBX8	chromobox 8	-1.281	10.684
8535	CBX4	chromobox 4	-1.297	13.292
100129503	LOC100129503		1.444	6.483
284185	LINC00482	long intergenic non-protein coding RNA 482	1.402	4.136
105371929	LOC105371929	uncharacterized LOC105371929	1.253	2.375
2194	FASN	fatty acid synthase	-1.517	10.469
2837	UTS2R	urotensin 2 receptor	1.568	2.252
81035	COLEC12	collectin subfamily member 12	1.433	3.144
63895	PIEZO2	piezo type mechanosensitive ion channel component 2	-1.112	2.036
2774	GNAL	G protein subunit alpha L	1.274	6.043
8780	RIOK3	RIO kinase 3	1.255	9.688
284252	KCTD1	potassium channel tetramerization domain containing 1	1.102	5.416
728606	PCAT18	prostate cancer associated transcript 18	2.636	4.179
1824	DSC2	desmocollin 2	1.289	6.13
57565	KLHL14	kelch like family member 14	1.423	2.757
80816	ASXL3	ASXL transcriptional regulator 3	1.932	4.196
8715	NOL4	nucleolar protein 4	2.321	3.549
56853	CELF4	CUGBP Elav-like family member 4	1.979	4.368
101927943	SETBP1-DT	SETBP1 divergent transcript	1.16	2.706
26040	SETBP1	SET binding protein 1	1.332	3.813
284266	SIGLEC15	sialic acid binding Ig like lectin 15	-1.16	2.535
9050	PSTPIP2	proline-serine-threonine phosphatase interacting protein 2	-1.131	4.441
494470	RNF165	ring finger protein 165	-1.315	2.074
103091864	SNHG22	small nucleolar RNA host gene 22	1.001	5.641
100505549	ATP8B1-AS1	ATP8B1 antisense RNA 1	1.411	8.167
5205	ATP8B1	ATPase phospholipid transporting 8B1	1.702	8.413
105372141	LOC105372141	uncharacterized LOC105372141	1.536	6.94
23327	NEDD4L	NEDD4 like E3 ubiquitin protein ligase	1.468	7.98
8792	TNFRSF11A	TNF receptor superfamily member 11a	1.494	4.768
28513	CDH19	cadherin 19	1.915	2.6
79839	CCDC102B	coiled-coil domain containing 102B	-1.068	4.6
147381	CBLN2	cerebellin 2 precursor	3.623	7.781
10194	TSHZ1	teashirt zinc finger homeobox 1	1.031	6.847
25759	SHC2	SHC adaptor protein 2	-1.69	4.94
682	BSG	basigin (Ok blood group)	1.093	8.022
5064	PALM	paralemmin	1.377	3.373
126353	MISP	mitotic spindle positioning	1.064	3.271
1991	ELANE	elastase, neutrophil expressed	2.153	4.071
1943	EFNA2	ephrin A2	1.196	3.311
268	AMH	anti-Mullerian hormone	-1.882	3.295
645191	LINGO3	leucine rich repeat and Ig domain containing 3	1.003	2.545
2767	GNA11	G protein subunit alpha 11	1.512	13.836
126321	MFSD12	major facilitator superfamily domain containing 12	-1.111	8.134
27134	TJP3	tight junction protein 3	1.374	6.112
56961	SHD	Src homology 2 domain containing transforming protein D	1.031	2.815
79187	FSD1	fibronectin type III and SPRY domain containing 1	1.099	4.346
55620	STAP2	signal transducing adaptor family member 2	1.197	5.625
84954	MPND	MPN domain containing	1.021	7.559
5802	PTPRS	protein tyrosine phosphatase receptor type S	1.102	2.956
284427	SLC25A41	solute carrier family 25 member 41	1.03	2.947
79085	SLC25A23	solute carrier family 25 member 23	1.64	16.483
56729	RETN	resistin	-2.855	3.947
30835	CD209	CD209 molecule	1.999	6.275
3383	ICAM1	intercellular adhesion molecule 1	-1.817	7.594
53637	S1PR5	sphingosine-1-phosphate receptor 5	-1.588	6.9
84971	ATG4D	autophagy related 4D cysteine peptidase	1.027	9.833
115271120	LDLR-AS1	LDLR antisense RNA 1	-1.329	5.683
3949	LDLR	low density lipoprotein receptor	-1.307	5.568
126069	ZNF491	zinc finger protein 491	1.252	6.576
10755	GIPC1	GIPC PDZ domain containing family member 1	1.151	7.437
57834	CYP4F11	cytochrome P450 family 4 subfamily F member 11	-1.401	2.742
27151	CPAMD8	C3 and PZP like alpha-2-macroglobulin domain containing 8	1.068	3.656
79629	OCEL1	occludin/ELL domain containing 1	1.003	5.377
23149	FCHO1	FCH and mu domain containing endocytic adaptor 1	-1.007	2.556
5143	PDE4C	phosphodiesterase 4C	1.831	4.194
25789	TMEM59L	transmembrane protein 59 like	2.702	5.353
374887	YJEFN3	YjeF N-terminal domain containing 3	1.188	5.444
101929007	LOC101929007	uncharacterized LOC101929007	2.38	3.727
7757	ZNF208	zinc finger protein 208	1.1	2.093
898	CCNE1	cyclin E1	-1.138	4.006
57616	TSHZ3	teashirt zinc finger homeobox 3	1.021	2.31
11136	SLC7A9	solute carrier family 7 member 9	-2.28	2.605
57655	GRAMD1A	GRAM domain containing 1A	-1.245	6.396
5349	FXYD3	FXYD domain containing ion transport regulator 3	1.648	3.609
163175	LGI4	leucine rich repeat LGI family member 4	1.831	4.088
1346	COX7A1	cytochrome c oxidase subunit 7A1	1.333	3.094
163255	ZNF540	zinc finger protein 540	1.014	3.325
163115	ZNF781	zinc finger protein 781	1.369	3.455
23094	SIPA1L3	signal induced proliferation associated 1 like 3	1.175	9.322
64073	C19orf33	chromosome 19 open reading frame 33	1.121	2.847
342897	NCCRP1	NCCRP1, F-box associated domain containing	1.521	2.967
57731	SPTBN4	spectrin beta, non-erythrocytic 4	1.329	2.23
29785	CYP2S1	cytochrome P450 family 2 subfamily S member 1	-1.162	3.27
56915	EXOSC5	exosome component 5	-1.135	8.579
374907	B3GNT8	UDP-GlcNAc:betaGal beta-1,3-N-acetylglucosaminyltransferase 8	1.349	5.557
1089	CEACAM4	CEA cell adhesion molecule 4	-1.628	3.786
1088	CEACAM8	CEA cell adhesion molecule 8	1.834	3.266
57126	CD177	CD177 molecule	3.942	5.484
27076	LYPD3	LY6/PLAUR domain containing 3	-1.055	2.424
5329	PLAUR	plasminogen activator, urokinase receptor	-1.039	2.87
100505715	LOC100505715	uncharacterized LOC100505715	1.257	3.938
353355	ZNF233	zinc finger protein 233	1.034	3.258
107985305	CEACAM16-AS1	CEACAM16, CEACAM19 and PVR antisense RNA 1	1.221	5.023
147700	KLC3	kinesin light chain 3	-1.06	7.001
10849	POLR1G	RNA polymerase I subunit G	-1.119	8.551
147699	PPM1N	protein phosphatase, Mg2+/Mn2+ dependent 1N (putative)	-1.138	3.443
2696	GIPR	gastric inhibitory polypeptide receptor	1.975	6.567
94235	GNG8	G protein subunit gamma 8	1.402	2.457
728	C5AR1	complement C5a receptor 1	-1.563	6.08
3770	KCNJ14	potassium inwardly rectifying channel subfamily J member 14	-1.351	5.812
54854	FAM83E	family with sequence similarity 83 member E	1.447	4.798
653677	SEC1P	secretory blood group 1, pseudogene	1.205	6.441
3270	HRC	histidine rich calcium binding protein	1.117	3.418
54795	TRPM4	transient receptor potential cation channel subfamily M member 4	1.413	7.817
5639	PRRG2	proline rich and Gla domain 2	1.078	4.452
94030	LRRC4B	leucine rich repeat containing 4B	1.28	4.965
84798	C19orf48	multidrug resistance-related protein	-1.121	6.71
692203	SNORD88B	small nucleolar RNA, C/D box 88B	-1.156	3.924
3816	KLK1	kallikrein 1	1.958	3.39
55554	KLK15	kallikrein related peptidase 15	2.49	4.209
105372441	LOC105372441	uncharacterized LOC105372441	2.204	2.708
354	KLK3	kallikrein related peptidase 3	2.923	5.097
284367	SIGLEC17P	sialic acid binding Ig like lectin 17, pseudogene	1.689	6.04
402665	IGLON5	IgLON family member 5	-2.061	4.491
55786	ZNF415	zinc finger protein 415	1.157	2.804
342926	ZNF677	zinc finger protein 677	1.223	3.57
5582	PRKCG	protein kinase C gamma	-1.679	2.401
147798	TMC4	transmembrane channel like 4	1.182	4.482
11025	LILRB3	leukocyte immunoglobulin like receptor B3	-1.49	6.179
79168	LILRA6	leukocyte immunoglobulin like receptor A6	-1.507	5.184
199713	NLRP7	NLR family pyrin domain containing 7	1.86	4.465
84446	BRSK1	BR serine/threonine kinase 1	1.075	2.876
284297	SSC5D	scavenger receptor cysteine rich family member with 5 domains	1.263	2.176
107983998	LOC107983998	uncharacterized LOC107983998	1.27	10.191
100128252	ZNF667-AS1	ZNF667 antisense RNA 1 (head to head)	1.079	2.01
90485	ZNF835	zinc finger protein 835	1.64	4.412
7694	ZNF135	zinc finger protein 135	1.109	2.914
7691	ZNF132	zinc finger protein 132	1.104	4.644
9751	SNPH	syntaphilin	1.764	5.037
6628	SNRPB	small nuclear ribonucleoprotein polypeptides B and B1	-1.073	4.608
10528	NOP56	NOP56 ribonucleoprotein	-1.234	6.813
100302138	MIR1292	microRNA 1292	-1.078	8.293
692213	SNORD110	small nucleolar RNA, C/D box 110	-1.498	4.807
26793	SNORD56	small nucleolar RNA, C/D box 56	-1.754	5.171
26792	SNORD57	small nucleolar RNA, C/D box 57	-1.577	4.763
5111	PCNA	proliferating cell nuclear antigen	-1.085	4.248
100302739	PCNA-AS1	PCNA antisense RNA 1	-1.037	4.104
56261	GPCPD1	glycerophosphocholine phosphodiesterase 1	-1.021	4.744
51605	TRMT6	tRNA methyltransferase 6 non-catalytic subunit	-1.1	5.529
84515	MCM8	minichromosome maintenance 8 homologous recombination repair factor	-1.183	4.473
164312	LRRN4	leucine rich repeat neuronal 4	-1.082	3.906
5332	PLCB4	phospholipase C beta 4	-1.371	2.835
101929395	LINC01752	long intergenic non-protein coding RNA 1752	2.761	5.013
22903	BTBD3	BTB domain containing 3	1.056	6.367
57419	SLC24A3	solute carrier family 24 member 3	1.038	2.485
51126	NAA20	N-alpha-acetyltransferase 20, NatB catalytic subunit	-1.023	7.746
112268271	LOC112268271	translation initiation factor IF-2	1.74	2.147
57136	APMAP	adipocyte plasma membrane associated protein	-1.203	7.9
22981	NINL	ninein like	-1.132	2.945
598	BCL2L1	BCL2 like 1	-1.001	8.179
81572	PDRG1	p53 and DNA damage regulated 1	-1.03	8.011
100302183	MIR1825	microRNA 1825	-1.007	5.049
1789	DNMT3B	DNA methyltransferase 3 beta	-1.042	4.09
8894	EIF2S2	eukaryotic translation initiation factor 2 subunit beta	-1.217	12.29
80307	FER1L4	fer-1 like family member 4 (pseudogene)	-1.739	3.538
9675	TTI1	TELO2 interacting protein 1	-1.074	8.644
58490	RPRD1B	regulation of nuclear pre-mRNA domain containing 1B	-1.013	10.632
7052	TGM2	transglutaminase 2	-1.792	8.16
11122	PTPRT	protein tyrosine phosphatase receptor type T	1.434	3.197
84969	TOX2	TOX high mobility group box family member 2	1.339	5.39
105372629	R3HDML-AS1	R3HDML antisense RNA 1	-1.168	3.345
79183	TTPAL	alpha tocopherol transfer protein like	-1.047	12.372
11142	PKIG	cAMP-dependent protein kinase inhibitor gamma	1.094	5.618
8839	CCN5	cellular communication network factor 5	1.927	2.805
140730	RIMS4	regulating synaptic membrane exocytosis 4	3.37	6.112
80336	PABPC1L	poly(A) binding protein cytoplasmic 1 like	-1.807	11.423
6385	SDC4	syndecan 4	-1.202	7.383
10406	WFDC2	WAP four-disulfide core domain 2	2.042	3.517
116092	DNTTIP1	deoxynucleotidyltransferase terminal interacting protein 1	-1.102	6.851
7125	TNNC2	troponin C2, fast skeletal type	-1.323	2.016
55661	DDX27	DEAD-box helicase 27	-1.019	8.359
8813	DPM1	dolichyl-phosphate mannosyltransferase subunit 1, catalytic	-1.011	8.936
105372704	LOC105372704	uncharacterized LOC105372704	-1.069	3.567
5688	PSMA7	proteasome 20S subunit alpha 7	-1.082	9.206
11047	ADRM1	ADRM1 26S proteasome ubiquitin receptor	-1.016	7.662
6227	RPS21	ribosomal protein S21	-1.064	7.65
1299	COL9A3	collagen type IX alpha 3 chain	-2.257	5.426
10732	TCFL5	transcription factor like 5	-1.156	10.585
100302137	MIR1914	microRNA 1914	-1.015	2.657
102724398	CH507-42P11.6	uncharacterized CH507-42P11.6	-1.168	2.92
150000	ABCC13	ATP binding cassette subfamily C member 13 (pseudogene)	2.585	5.107
388815	MIR99AHG	mir-99a-let-7c cluster host gene	-1.275	2.165
4685	NCAM2	neural cell adhesion molecule 2	1.203	2.149
9073	CLDN8	claudin 8	3.125	3.155
337959	KRTAP13-2	keratin associated protein 13-2	4.327	4.902
30811	HUNK	hormonally up-regulated Neu-associated kinase	-1.08	2.781
9875	URB1	URB1 ribosome biogenesis homolog	-1.185	9.766
2618	GART	phosphoribosylglycinamide formyltransferase, phosphoribosylglycinamide synthetase, phosphoribosylaminoimidazole synthetase	-1.072	15.587
29980	DONSON	DNA replication fork stabilization factor DONSON	-1.037	10.172
54102	CLIC6	chloride intracellular channel 6	1.679	3.451
2114	ETS2	ETS proto-oncogene 2, transcription factor	-1.095	5.515
400867	LOC400867	uncharacterized LOC400867	-1.21	3.03
102724740	LINC02940	long intergenic non-protein coding RNA 2940	-2.364	4.685
114041	B3GALT5-AS1	B3GALT5 antisense RNA 1	2.916	3.134
7113	TMPRSS2	transmembrane serine protease 2	1.217	4.51
105372809	LOC105372809	uncharacterized LOC105372809	1.072	2.15
89766	UMODL1	uromodulin like 1	-1.809	2.885
11077	HSF2BP	heat shock transcription factor 2 binding protein	-1.69	7.038
8568	RRP1	ribosomal RNA processing 1	-1.222	9.369
284837	AATBC	apoptosis associated transcript in bladder cancer	-1.145	2.457
6573	SLC19A1	solute carrier family 19 member 1	-1.418	11.474
105372840	LINC01694	long intergenic non-protein coding RNA 1694	-2.279	4.464
7122	CLDN5	claudin 5	1.475	4.585
1312	COMT	catechol-O-methyltransferase	-1.081	10.335
100616414	MIR4761	microRNA 4761	-1.099	7.284
101928891	LINC01637	long intergenic non-protein coding RNA 1637	1.185	4.833
150209	AIFM3	apoptosis inducing factor mitochondria associated 3	1.179	2.892
107985532	LOC107985532	uncharacterized LOC107985532	-1.329	2.36
28772	IGLV10-54	immunoglobulin lambda variable 10-54	3.347	5.438
96610	BMS1P20	BMS1 pseudogene 20	1.521	7.613
28773	IGLV9-49	immunoglobulin lambda variable 9-49	1.668	2.788
28822	IGLV1-47	immunoglobulin lambda variable 1-47	1.785	3.38
28781	IGLV5-45	immunoglobulin lambda variable 5-45	2.687	4.322
28810	IGLV2-34	immunoglobulin lambda variable 2-34 (pseudogene)	2.267	2.535
28812	IGLV2-28	immunoglobulin lambda variable 2-28 (pseudogene)	2.674	6.615
28793	IGLV3-25	immunoglobulin lambda variable 3-25	1.954	3.58
28796	IGLV3-21	immunoglobulin lambda variable 3-21	1.79	3.527
28797	IGLV3-19	immunoglobulin lambda variable 3-19	1.567	2.061
28833	IGLJ1	immunoglobulin lambda joining 1	2.416	6.042
3540	IGLC4	immunoglobulin lambda constant 4 (pseudogene)	3.1	2.57
284889	MIF-AS1	MIF antisense RNA 1	-1.19	8.292
4282	MIF	macrophage migration inhibitory factor	-1.204	8.264
2687	GGT5	gamma-glutamyltransferase 5	-1.052	3.812
23384	SPECC1L	sperm antigen with calponin homology and coiled-coil domains 1 like	1.049	8.685
129049	SGSM1	small G protein signaling modulator 1	1.83	5.38
100128531	KIAA1671-AS1	KIAA1671 antisense RNA 1	-1.227	6.067
23544	SEZ6L	seizure related 6 homolog like	1.224	2.052
129080	EMID1	EMI domain containing 1	1.085	4.125
9514	GAL3ST1	galactose-3-O-sulfotransferase 1	1.142	3.813
110806273	SLC5A4-AS1	SLC5A4 antisense RNA 1	-1.771	4.115
8224	SYN3	synapsin III	-1.489	2.531
9215	LARGE1	LARGE xylosyl- and glucuronyltransferase 1	1.107	9.308
91464	ISX	intestine specific homeobox	2.008	4.11
4151	MB	myoglobin	2.278	4.492
8542	APOL1	apolipoprotein L1	-1.245	3.489
112268296	LOC112268296		-1.182	3.39
3957	LGALS2	galectin 2	2.306	5.459
80115	BAIAP2L2	BAR/IMD domain containing adaptor protein 2 like 2	1.161	3.719
140564	APOBEC3D	apolipoprotein B mRNA editing enzyme catalytic subunit 3D	1.13	5.992
23492	CBX7	chromobox 7	1.214	4.013
27352	SGSM3	small G protein signaling modulator 3	1.034	7.116
150372	NFAM1	NFAT activating protein with ITAM motif 1	-1.059	4.344
11252	PACSIN2	protein kinase C and casein kinase substrate in neurons 2	1.038	10.503
101927393	LOC101927393	uncharacterized LOC101927393	1.02	9.952
51512	GTSE1	G2 and S-phase expressed 1	-1.013	3.567
1890	TYMP	thymidine phosphorylase	-1.047	4.007
410	ARSA	arylsulfatase A	1.031	8.374
102724770	LOC102724770	replaced by ID 8214	-1.021	3.378
8908	GYG2	glycogenin 2	-1.266	4.852
389906	LOC389906	zinc finger protein 839 pseudogene	-1.059	5.413
729162	FAM239B	zinc finger protein 839 pseudogene	-1.337	3.591
107987330	FAM239C	family with sequence similarity 239 member C	-1.472	2.57
57502	NLGN4X	neuroligin 4 X-linked	1.758	6.533
660	BMX	BMX non-receptor tyrosine kinase	2.301	6.516
55787	TXLNG	taxilin gamma	-1.033	7.781
10389	SCML2	Scm polycomb group protein like 2	-1.133	3.096
257240	KLHL34	kelch like family member 34	1.595	3.073
51360	MBTPS2	membrane bound transcription factor peptidase, site 2	-1.044	9.741
404281	YY2	YY2 transcription factor	-1.132	8.944
10549	PRDX4	peroxiredoxin 4	-1.24	12.905
5422	POLA1	DNA polymerase alpha 1, catalytic subunit	-1.06	7.121
347404	LANCL3	LanC like family member 3	1.438	4.173
8406	SRPX	sushi repeat containing protein X-linked	1.577	3.886
27197	GPR82	G protein-coupled receptor 82	1.175	3.21
6839	SUV39H1	SUV39H1 histone lysine methyltransferase	-1.045	7.856
392465	GLOD5	glyoxalase domain containing 5	1.271	5.59
79917	MAGIX	MAGI family member, X-linked	1.162	4.201
778	CACNA1F	calcium voltage-gated channel subunit alpha1 F	1.417	4.275
1184	CLCN5	chloride voltage-gated channel 5	-1.185	6.179
11279	KLF8	KLF transcription factor 8	1.101	5.374
54413	NLGN3	neuroligin 3	1.688	6.39
441501	LINC00891	long intergenic non-protein coding RNA 891	2.179	6.208
100132741	LOC100132741	uncharacterized LOC100132741	2.235	6.485
340533	NEXMIF	neurite extension and migration factor	3.197	6.43
158866	ZDHHC15	zinc finger DHHC-type palmitoyltransferase 15	1.58	3.894
10800	CYSLTR1	cysteinyl leukotriene receptor 1	1.215	3.82
4675	NAP1L3	nucleosome assembly protein 1 like 3	1.253	2.614
57526	PCDH19	protocadherin 19	1.682	2.61
402415	XKRX	XK related X-linked	-1.905	6.237
1678	TIMM8A	translocase of inner mitochondrial membrane 8A	-1.162	9.25
51309	ARMCX1	armadillo repeat containing X-linked 1	1.065	3.137
9737	GPRASP1	G protein-coupled receptor associated sorting protein 1	1.4	4.035
79710	MORC4	MORC family CW-type zinc finger 4	-1.264	8.511
154796	AMOT	angiomotin	-1.022	2.578
51114	ZDHHC9	zinc finger DHHC-type palmitoyltransferase 9	-1.231	7.415
55609	ZNF280C	zinc finger protein 280C	-1.04	6.174
3251	HPRT1	hypoxanthine phosphoribosyltransferase 1	-1.136	8.194
84631	SLITRK2	SLIT and NTRK like family member 2	1.784	2.905
2334	AFF2	ALF transcription elongation factor 2	1.9	3.74
4534	MTM1	myotubularin 1	1.118	7.207
2564	GABRE	gamma-aminobutyric acid type A receptor subunit epsilon	-1.104	4.309
50814	NSDHL	NAD(P) dependent steroid dehydrogenase-like	-1.059	5.641
105373372	LOC105373372	uncharacterized LOC105373372	-1.059	2.751
2157	F8	coagulation factor VIII	-1.149	2.713
4566	TRNK	tRNA-Lys	-1.512	2.849
